County,7-Day Average Cases,7-Day Average Deaths,Total Cases,Total Deaths,State URL
Autauga County,0.0,0.0,19913.0,235.0,https://usafacts.org/visualizations/coronavirus-covid-19-spread-map/state/alabama/
Baldwin County,0.0,0.0,70521.0,731.0,https://usafacts.org/visualizations/coronavirus-covid-19-spread-map/state/alabama/
Barbour County,0.0,0.0,7582.0,104.0,https://usafacts.org/visualizations/coronavirus-covid-19-spread-map/state/alabama/
Bibb County,0.0,0.0,8149.0,111.0,https://usafacts.org/visualizations/coronavirus-covid-19-spread-map/state/alabama/
Blount County,0.0,0.0,18872.0,261.0,https://usafacts.org/visualizations/coronavirus-covid-19-spread-map/state/alabama/
Bullock County,0.0,0.0,3057.0,54.0,https://usafacts.org/visualizations/coronavirus-covid-19-spread-map/state/alabama/
Butler County,0.0,0.0,6617.0,132.0,https://usafacts.org/visualizations/coronavirus-covid-19-spread-map/state/alabama/
Calhoun County,0.0,0.0,41931.0,683.0,https://usafacts.org/visualizations/coronavirus-covid-19-spread-map/state/alabama/
Chambers County,0.0,0.0,10935.0,172.0,https://usafacts.org/visualizations/coronavirus-covid-19-spread-map/state/alabama/
Cherokee County,0.0,0.0,6803.0,89.0,https://usafacts.org/visualizations/coronavirus-covid-19-spread-map/state/alabama/
Chilton County,0.0,0.0,13073.0,221.0,https://usafacts.org/visualizations/coronavirus-covid-19-spread-map/state/alabama/
Choctaw County,0.0,0.0,2260.0,39.0,https://usafacts.org/visualizations/coronavirus-covid-19-spread-map/state/alabama/
Clarke County,0.0,0.0,8630.0,107.0,https://usafacts.org/visualizations/coronavirus-covid-19-spread-map/state/alabama/
Clay County,0.0,0.0,5223.0,94.0,https://usafacts.org/visualizations/coronavirus-covid-19-spread-map/state/alabama/
Cleburne County,0.0,0.0,4460.0,73.0,https://usafacts.org/visualizations/coronavirus-covid-19-spread-map/state/alabama/
Coffee County,0.0,0.0,17358.0,246.0,https://usafacts.org/visualizations/coronavirus-covid-19-spread-map/state/alabama/
Colbert County,0.0,0.0,21616.0,279.0,https://usafacts.org/visualizations/coronavirus-covid-19-spread-map/state/alabama/
Conecuh County,0.0,0.0,3654.0,76.0,https://usafacts.org/visualizations/coronavirus-covid-19-spread-map/state/alabama/
Coosa County,0.0,0.0,3805.0,64.0,https://usafacts.org/visualizations/coronavirus-covid-19-spread-map/state/alabama/
Covington County,0.0,0.0,11885.0,266.0,https://usafacts.org/visualizations/coronavirus-covid-19-spread-map/state/alabama/
Crenshaw County,0.0,0.0,4766.0,111.0,https://usafacts.org/visualizations/coronavirus-covid-19-spread-map/state/alabama/
Cullman County,0.0,0.0,31723.0,400.0,https://usafacts.org/visualizations/coronavirus-covid-19-spread-map/state/alabama/
Dale County,0.0,0.0,16715.0,245.0,https://usafacts.org/visualizations/coronavirus-covid-19-spread-map/state/alabama/
Dallas County,0.0,0.0,11099.0,260.0,https://usafacts.org/visualizations/coronavirus-covid-19-spread-map/state/alabama/
DeKalb County,0.0,0.0,22664.0,347.0,https://usafacts.org/visualizations/coronavirus-covid-19-spread-map/state/alabama/
Elmore County,0.0,0.0,30079.0,364.0,https://usafacts.org/visualizations/coronavirus-covid-19-spread-map/state/alabama/
Escambia County,0.0,0.0,12549.0,181.0,https://usafacts.org/visualizations/coronavirus-covid-19-spread-map/state/alabama/
Etowah County,0.0,0.0,34402.0,696.0,https://usafacts.org/visualizations/coronavirus-covid-19-spread-map/state/alabama/
Fayette County,0.0,0.0,5949.0,100.0,https://usafacts.org/visualizations/coronavirus-covid-19-spread-map/state/alabama/
Franklin County,0.0,0.0,12248.0,154.0,https://usafacts.org/visualizations/coronavirus-covid-19-spread-map/state/alabama/
Geneva County,0.0,0.0,8001.0,174.0,https://usafacts.org/visualizations/coronavirus-covid-19-spread-map/state/alabama/
Greene County,0.0,0.0,2351.0,54.0,https://usafacts.org/visualizations/coronavirus-covid-19-spread-map/state/alabama/
Hale County,0.0,0.0,5793.0,110.0,https://usafacts.org/visualizations/coronavirus-covid-19-spread-map/state/alabama/
Henry County,0.0,0.0,5915.0,79.0,https://usafacts.org/visualizations/coronavirus-covid-19-spread-map/state/alabama/
Houston County,0.0,0.0,32948.0,532.0,https://usafacts.org/visualizations/coronavirus-covid-19-spread-map/state/alabama/
Jackson County,0.0,0.0,18504.0,257.0,https://usafacts.org/visualizations/coronavirus-covid-19-spread-map/state/alabama/
Jefferson County,0.0,0.0,240736.0,2536.0,https://usafacts.org/visualizations/coronavirus-covid-19-spread-map/state/alabama/
Lamar County,0.0,0.0,4819.0,74.0,https://usafacts.org/visualizations/coronavirus-covid-19-spread-map/state/alabama/
Lauderdale County,0.0,0.0,30743.0,423.0,https://usafacts.org/visualizations/coronavirus-covid-19-spread-map/state/alabama/
Lawrence County,0.0,0.0,9487.0,181.0,https://usafacts.org/visualizations/coronavirus-covid-19-spread-map/state/alabama/
Lee County,0.0,0.0,48087.0,373.0,https://usafacts.org/visualizations/coronavirus-covid-19-spread-map/state/alabama/
Limestone County,0.0,0.0,32491.0,324.0,https://usafacts.org/visualizations/coronavirus-covid-19-spread-map/state/alabama/
Lowndes County,0.0,0.0,3410.0,81.0,https://usafacts.org/visualizations/coronavirus-covid-19-spread-map/state/alabama/
Macon County,0.0,0.0,5337.0,90.0,https://usafacts.org/visualizations/coronavirus-covid-19-spread-map/state/alabama/
Madison County,0.0,0.0,117283.0,1068.0,https://usafacts.org/visualizations/coronavirus-covid-19-spread-map/state/alabama/
Marengo County,0.0,0.0,6118.0,116.0,https://usafacts.org/visualizations/coronavirus-covid-19-spread-map/state/alabama/
Marion County,0.0,0.0,10209.0,161.0,https://usafacts.org/visualizations/coronavirus-covid-19-spread-map/state/alabama/
Marshall County,0.0,0.0,33237.0,411.0,https://usafacts.org/visualizations/coronavirus-covid-19-spread-map/state/alabama/
Mobile County,0.0,0.0,135840.0,1810.0,https://usafacts.org/visualizations/coronavirus-covid-19-spread-map/state/alabama/
Monroe County,0.0,0.0,6796.0,88.0,https://usafacts.org/visualizations/coronavirus-covid-19-spread-map/state/alabama/
Montgomery County,0.0,0.0,74623.0,1016.0,https://usafacts.org/visualizations/coronavirus-covid-19-spread-map/state/alabama/
Morgan County,0.0,0.0,46965.0,554.0,https://usafacts.org/visualizations/coronavirus-covid-19-spread-map/state/alabama/
Perry County,0.0,0.0,2701.0,49.0,https://usafacts.org/visualizations/coronavirus-covid-19-spread-map/state/alabama/
Pickens County,0.0,0.0,6520.0,122.0,https://usafacts.org/visualizations/coronavirus-covid-19-spread-map/state/alabama/
Pike County,0.0,0.0,9335.0,144.0,https://usafacts.org/visualizations/coronavirus-covid-19-spread-map/state/alabama/
Randolph County,0.0,0.0,6593.0,80.0,https://usafacts.org/visualizations/coronavirus-covid-19-spread-map/state/alabama/
Russell County,0.0,0.0,13152.0,101.0,https://usafacts.org/visualizations/coronavirus-covid-19-spread-map/state/alabama/
Shelby County,0.0,0.0,78788.0,488.0,https://usafacts.org/visualizations/coronavirus-covid-19-spread-map/state/alabama/
St. Clair County,0.0,0.0,33629.0,443.0,https://usafacts.org/visualizations/coronavirus-covid-19-spread-map/state/alabama/
Sumter County,0.0,0.0,3226.0,55.0,https://usafacts.org/visualizations/coronavirus-covid-19-spread-map/state/alabama/
Talladega County,0.0,0.0,28816.0,402.0,https://usafacts.org/visualizations/coronavirus-covid-19-spread-map/state/alabama/
Tallapoosa County,0.0,0.0,14744.0,255.0,https://usafacts.org/visualizations/coronavirus-covid-19-spread-map/state/alabama/
Tuscaloosa County,0.0,0.0,72031.0,858.0,https://usafacts.org/visualizations/coronavirus-covid-19-spread-map/state/alabama/
Walker County,0.0,0.0,24499.0,482.0,https://usafacts.org/visualizations/coronavirus-covid-19-spread-map/state/alabama/
Washington County,0.0,0.0,4422.0,61.0,https://usafacts.org/visualizations/coronavirus-covid-19-spread-map/state/alabama/
Wilcox County,0.0,0.0,3721.0,48.0,https://usafacts.org/visualizations/coronavirus-covid-19-spread-map/state/alabama/
Winston County,0.0,0.0,9528.0,143.0,https://usafacts.org/visualizations/coronavirus-covid-19-spread-map/state/alabama/
