County,7-Day Average Cases,7-Day Average Deaths,Total Cases,Total Deaths,State URL
Arkansas County,0.0,0.0,7013.0,95.0,https://usafacts.org/visualizations/coronavirus-covid-19-spread-map/state/arkansas/
Ashley County,0.0,0.0,6255.0,83.0,https://usafacts.org/visualizations/coronavirus-covid-19-spread-map/state/arkansas/
Baxter County,0.0,0.0,10739.0,284.0,https://usafacts.org/visualizations/coronavirus-covid-19-spread-map/state/arkansas/
Benton County,0.0,0.0,77493.0,1006.0,https://usafacts.org/visualizations/coronavirus-covid-19-spread-map/state/arkansas/
Boone County,0.0,0.0,11304.0,204.0,https://usafacts.org/visualizations/coronavirus-covid-19-spread-map/state/arkansas/
Bradley County,0.0,0.0,3597.0,57.0,https://usafacts.org/visualizations/coronavirus-covid-19-spread-map/state/arkansas/
Calhoun County,0.0,0.0,1197.0,15.0,https://usafacts.org/visualizations/coronavirus-covid-19-spread-map/state/arkansas/
Carroll County,0.0,0.0,7293.0,123.0,https://usafacts.org/visualizations/coronavirus-covid-19-spread-map/state/arkansas/
Chicot County,0.0,0.0,3125.0,65.0,https://usafacts.org/visualizations/coronavirus-covid-19-spread-map/state/arkansas/
Clark County,0.0,0.0,6426.0,92.0,https://usafacts.org/visualizations/coronavirus-covid-19-spread-map/state/arkansas/
Clay County,0.0,0.0,5154.0,102.0,https://usafacts.org/visualizations/coronavirus-covid-19-spread-map/state/arkansas/
Cleburne County,0.0,0.0,8065.0,148.0,https://usafacts.org/visualizations/coronavirus-covid-19-spread-map/state/arkansas/
Cleveland County,0.0,0.0,2684.0,42.0,https://usafacts.org/visualizations/coronavirus-covid-19-spread-map/state/arkansas/
Columbia County,0.0,0.0,6797.0,106.0,https://usafacts.org/visualizations/coronavirus-covid-19-spread-map/state/arkansas/
Conway County,0.0,0.0,6618.0,84.0,https://usafacts.org/visualizations/coronavirus-covid-19-spread-map/state/arkansas/
Craighead County,0.0,0.0,47435.0,388.0,https://usafacts.org/visualizations/coronavirus-covid-19-spread-map/state/arkansas/
Crawford County,0.0,0.0,18667.0,295.0,https://usafacts.org/visualizations/coronavirus-covid-19-spread-map/state/arkansas/
Crittenden County,0.0,0.0,16717.0,246.0,https://usafacts.org/visualizations/coronavirus-covid-19-spread-map/state/arkansas/
Cross County,0.0,0.0,5761.0,106.0,https://usafacts.org/visualizations/coronavirus-covid-19-spread-map/state/arkansas/
Dallas County,0.0,0.0,2070.0,41.0,https://usafacts.org/visualizations/coronavirus-covid-19-spread-map/state/arkansas/
Desha County,0.0,0.0,3659.0,45.0,https://usafacts.org/visualizations/coronavirus-covid-19-spread-map/state/arkansas/
Drew County,0.0,0.0,5645.0,84.0,https://usafacts.org/visualizations/coronavirus-covid-19-spread-map/state/arkansas/
Faulkner County,0.0,0.0,43060.0,360.0,https://usafacts.org/visualizations/coronavirus-covid-19-spread-map/state/arkansas/
Franklin County,0.0,0.0,4494.0,83.0,https://usafacts.org/visualizations/coronavirus-covid-19-spread-map/state/arkansas/
Fulton County,0.0,0.0,3112.0,99.0,https://usafacts.org/visualizations/coronavirus-covid-19-spread-map/state/arkansas/
Garland County,0.0,0.0,27112.0,583.0,https://usafacts.org/visualizations/coronavirus-covid-19-spread-map/state/arkansas/
Grant County,0.0,0.0,5258.0,66.0,https://usafacts.org/visualizations/coronavirus-covid-19-spread-map/state/arkansas/
Greene County,0.0,0.0,19820.0,201.0,https://usafacts.org/visualizations/coronavirus-covid-19-spread-map/state/arkansas/
Hempstead County,0.0,0.0,5645.0,83.0,https://usafacts.org/visualizations/coronavirus-covid-19-spread-map/state/arkansas/
Hot Spring County,0.0,0.0,13067.0,162.0,https://usafacts.org/visualizations/coronavirus-covid-19-spread-map/state/arkansas/
Howard County,0.0,0.0,4660.0,64.0,https://usafacts.org/visualizations/coronavirus-covid-19-spread-map/state/arkansas/
Independence County,0.0,0.0,12812.0,231.0,https://usafacts.org/visualizations/coronavirus-covid-19-spread-map/state/arkansas/
Izard County,0.0,0.0,4730.0,78.0,https://usafacts.org/visualizations/coronavirus-covid-19-spread-map/state/arkansas/
Jackson County,0.0,0.0,7291.0,76.0,https://usafacts.org/visualizations/coronavirus-covid-19-spread-map/state/arkansas/
Jefferson County,0.0,0.0,22384.0,316.0,https://usafacts.org/visualizations/coronavirus-covid-19-spread-map/state/arkansas/
Johnson County,0.0,0.0,8209.0,104.0,https://usafacts.org/visualizations/coronavirus-covid-19-spread-map/state/arkansas/
Lafayette County,0.0,0.0,1510.0,30.0,https://usafacts.org/visualizations/coronavirus-covid-19-spread-map/state/arkansas/
Lawrence County,0.0,0.0,6535.0,90.0,https://usafacts.org/visualizations/coronavirus-covid-19-spread-map/state/arkansas/
Lee County,0.0,0.0,3346.0,68.0,https://usafacts.org/visualizations/coronavirus-covid-19-spread-map/state/arkansas/
Lincoln County,0.0,0.0,5504.0,70.0,https://usafacts.org/visualizations/coronavirus-covid-19-spread-map/state/arkansas/
Little River County,0.0,0.0,3890.0,109.0,https://usafacts.org/visualizations/coronavirus-covid-19-spread-map/state/arkansas/
Logan County,0.0,0.0,6075.0,91.0,https://usafacts.org/visualizations/coronavirus-covid-19-spread-map/state/arkansas/
Lonoke County,0.0,0.0,24045.0,270.0,https://usafacts.org/visualizations/coronavirus-covid-19-spread-map/state/arkansas/
Madison County,0.0,0.0,4866.0,69.0,https://usafacts.org/visualizations/coronavirus-covid-19-spread-map/state/arkansas/
Marion County,0.0,0.0,4106.0,95.0,https://usafacts.org/visualizations/coronavirus-covid-19-spread-map/state/arkansas/
Miller County,0.0,0.0,11636.0,210.0,https://usafacts.org/visualizations/coronavirus-covid-19-spread-map/state/arkansas/
Mississippi County,0.0,0.0,16442.0,236.0,https://usafacts.org/visualizations/coronavirus-covid-19-spread-map/state/arkansas/
Monroe County,0.0,0.0,2311.0,40.0,https://usafacts.org/visualizations/coronavirus-covid-19-spread-map/state/arkansas/
Montgomery County,0.0,0.0,1775.0,67.0,https://usafacts.org/visualizations/coronavirus-covid-19-spread-map/state/arkansas/
Nevada County,0.0,0.0,2777.0,47.0,https://usafacts.org/visualizations/coronavirus-covid-19-spread-map/state/arkansas/
Newton County,0.0,0.0,2055.0,54.0,https://usafacts.org/visualizations/coronavirus-covid-19-spread-map/state/arkansas/
Ouachita County,0.0,0.0,6779.0,127.0,https://usafacts.org/visualizations/coronavirus-covid-19-spread-map/state/arkansas/
Perry County,0.0,0.0,3020.0,43.0,https://usafacts.org/visualizations/coronavirus-covid-19-spread-map/state/arkansas/
Phillips County,0.0,0.0,5890.0,106.0,https://usafacts.org/visualizations/coronavirus-covid-19-spread-map/state/arkansas/
Pike County,0.0,0.0,2965.0,49.0,https://usafacts.org/visualizations/coronavirus-covid-19-spread-map/state/arkansas/
Poinsett County,0.0,0.0,10128.0,140.0,https://usafacts.org/visualizations/coronavirus-covid-19-spread-map/state/arkansas/
Polk County,0.0,0.0,4654.0,161.0,https://usafacts.org/visualizations/coronavirus-covid-19-spread-map/state/arkansas/
Pope County,0.0,0.0,20974.0,230.0,https://usafacts.org/visualizations/coronavirus-covid-19-spread-map/state/arkansas/
Prairie County,0.0,0.0,2418.0,46.0,https://usafacts.org/visualizations/coronavirus-covid-19-spread-map/state/arkansas/
Pulaski County,0.0,0.0,128164.0,1325.0,https://usafacts.org/visualizations/coronavirus-covid-19-spread-map/state/arkansas/
Randolph County,0.0,0.0,6466.0,107.0,https://usafacts.org/visualizations/coronavirus-covid-19-spread-map/state/arkansas/
Saline County,0.0,0.0,37232.0,396.0,https://usafacts.org/visualizations/coronavirus-covid-19-spread-map/state/arkansas/
Scott County,0.0,0.0,2863.0,49.0,https://usafacts.org/visualizations/coronavirus-covid-19-spread-map/state/arkansas/
Searcy County,0.0,0.0,2575.0,53.0,https://usafacts.org/visualizations/coronavirus-covid-19-spread-map/state/arkansas/
Sebastian County,0.0,0.0,39367.0,589.0,https://usafacts.org/visualizations/coronavirus-covid-19-spread-map/state/arkansas/
Sevier County,0.0,0.0,7125.0,84.0,https://usafacts.org/visualizations/coronavirus-covid-19-spread-map/state/arkansas/
Sharp County,0.0,0.0,5718.0,123.0,https://usafacts.org/visualizations/coronavirus-covid-19-spread-map/state/arkansas/
St. Francis County,0.0,0.0,8569.0,112.0,https://usafacts.org/visualizations/coronavirus-covid-19-spread-map/state/arkansas/
Stone County,0.0,0.0,3711.0,80.0,https://usafacts.org/visualizations/coronavirus-covid-19-spread-map/state/arkansas/
Union County,0.0,0.0,11312.0,207.0,https://usafacts.org/visualizations/coronavirus-covid-19-spread-map/state/arkansas/
Van Buren County,0.0,0.0,4348.0,67.0,https://usafacts.org/visualizations/coronavirus-covid-19-spread-map/state/arkansas/
Washington County,0.0,0.0,81088.0,712.0,https://usafacts.org/visualizations/coronavirus-covid-19-spread-map/state/arkansas/
White County,0.0,0.0,27147.0,342.0,https://usafacts.org/visualizations/coronavirus-covid-19-spread-map/state/arkansas/
Woodruff County,0.0,0.0,2276.0,33.0,https://usafacts.org/visualizations/coronavirus-covid-19-spread-map/state/arkansas/
Yell County,0.0,0.0,7599.0,118.0,https://usafacts.org/visualizations/coronavirus-covid-19-spread-map/state/arkansas/
