County,7-Day Average Cases,7-Day Average Deaths,Total Cases,Total Deaths,State URL
Adams County,0.0,0.0,26914.0,225.0,https://usafacts.org/visualizations/coronavirus-covid-19-spread-map/state/illinois/
Alexander County,0.0,0.0,1523.0,16.0,https://usafacts.org/visualizations/coronavirus-covid-19-spread-map/state/illinois/
Bond County,0.0,0.0,5144.0,31.0,https://usafacts.org/visualizations/coronavirus-covid-19-spread-map/state/illinois/
Boone County,0.0,0.0,17017.0,124.0,https://usafacts.org/visualizations/coronavirus-covid-19-spread-map/state/illinois/
Brown County,0.0,0.0,2787.0,17.0,https://usafacts.org/visualizations/coronavirus-covid-19-spread-map/state/illinois/
Bureau County,0.0,0.0,10000.0,130.0,https://usafacts.org/visualizations/coronavirus-covid-19-spread-map/state/illinois/
Calhoun County,0.0,0.0,1845.0,6.0,https://usafacts.org/visualizations/coronavirus-covid-19-spread-map/state/illinois/
Carroll County,0.0,0.0,4917.0,53.0,https://usafacts.org/visualizations/coronavirus-covid-19-spread-map/state/illinois/
Cass County,0.0,0.0,5425.0,37.0,https://usafacts.org/visualizations/coronavirus-covid-19-spread-map/state/illinois/
Champaign County,0.0,0.0,83083.0,305.0,https://usafacts.org/visualizations/coronavirus-covid-19-spread-map/state/illinois/
Christian County,0.0,0.0,12529.0,116.0,https://usafacts.org/visualizations/coronavirus-covid-19-spread-map/state/illinois/
Clark County,0.0,0.0,5715.0,54.0,https://usafacts.org/visualizations/coronavirus-covid-19-spread-map/state/illinois/
Clay County,0.0,0.0,5761.0,74.0,https://usafacts.org/visualizations/coronavirus-covid-19-spread-map/state/illinois/
Clinton County,0.0,0.0,13766.0,118.0,https://usafacts.org/visualizations/coronavirus-covid-19-spread-map/state/illinois/
Coles County,0.0,0.0,18430.0,185.0,https://usafacts.org/visualizations/coronavirus-covid-19-spread-map/state/illinois/
Cook County,0.0,0.0,737082.0,7342.0,https://usafacts.org/visualizations/coronavirus-covid-19-spread-map/state/illinois/
Crawford County,0.0,0.0,7579.0,48.0,https://usafacts.org/visualizations/coronavirus-covid-19-spread-map/state/illinois/
Cumberland County,0.0,0.0,3917.0,39.0,https://usafacts.org/visualizations/coronavirus-covid-19-spread-map/state/illinois/
De Witt County,0.0,0.0,5069.0,41.0,https://usafacts.org/visualizations/coronavirus-covid-19-spread-map/state/illinois/
DeKalb County,0.0,0.0,25481.0,207.0,https://usafacts.org/visualizations/coronavirus-covid-19-spread-map/state/illinois/
Douglas County,0.0,0.0,7706.0,59.0,https://usafacts.org/visualizations/coronavirus-covid-19-spread-map/state/illinois/
DuPage County,0.0,0.0,233636.0,1805.0,https://usafacts.org/visualizations/coronavirus-covid-19-spread-map/state/illinois/
Edgar County,0.0,0.0,6334.0,60.0,https://usafacts.org/visualizations/coronavirus-covid-19-spread-map/state/illinois/
Edwards County,0.0,0.0,2081.0,29.0,https://usafacts.org/visualizations/coronavirus-covid-19-spread-map/state/illinois/
Effingham County,0.0,0.0,12544.0,146.0,https://usafacts.org/visualizations/coronavirus-covid-19-spread-map/state/illinois/
Fayette County,0.0,0.0,8446.0,101.0,https://usafacts.org/visualizations/coronavirus-covid-19-spread-map/state/illinois/
Ford County,0.0,0.0,5358.0,70.0,https://usafacts.org/visualizations/coronavirus-covid-19-spread-map/state/illinois/
Franklin County,0.0,0.0,15028.0,180.0,https://usafacts.org/visualizations/coronavirus-covid-19-spread-map/state/illinois/
Fulton County,0.0,0.0,12278.0,136.0,https://usafacts.org/visualizations/coronavirus-covid-19-spread-map/state/illinois/
Gallatin County,0.0,0.0,1802.0,20.0,https://usafacts.org/visualizations/coronavirus-covid-19-spread-map/state/illinois/
Greene County,0.0,0.0,4204.0,48.0,https://usafacts.org/visualizations/coronavirus-covid-19-spread-map/state/illinois/
Grundy County,0.0,0.0,15719.0,148.0,https://usafacts.org/visualizations/coronavirus-covid-19-spread-map/state/illinois/
Hamilton County,0.0,0.0,2604.0,32.0,https://usafacts.org/visualizations/coronavirus-covid-19-spread-map/state/illinois/
Hancock County,0.0,0.0,5174.0,51.0,https://usafacts.org/visualizations/coronavirus-covid-19-spread-map/state/illinois/
Hardin County,0.0,0.0,1402.0,20.0,https://usafacts.org/visualizations/coronavirus-covid-19-spread-map/state/illinois/
Henderson County,0.0,0.0,1482.0,19.0,https://usafacts.org/visualizations/coronavirus-covid-19-spread-map/state/illinois/
Henry County,0.0,0.0,15351.0,127.0,https://usafacts.org/visualizations/coronavirus-covid-19-spread-map/state/illinois/
Iroquois County,0.0,0.0,8600.0,129.0,https://usafacts.org/visualizations/coronavirus-covid-19-spread-map/state/illinois/
Jackson County,0.0,0.0,19515.0,136.0,https://usafacts.org/visualizations/coronavirus-covid-19-spread-map/state/illinois/
Jasper County,0.0,0.0,3147.0,32.0,https://usafacts.org/visualizations/coronavirus-covid-19-spread-map/state/illinois/
Jefferson County,0.0,0.0,13087.0,181.0,https://usafacts.org/visualizations/coronavirus-covid-19-spread-map/state/illinois/
Jersey County,0.0,0.0,7599.0,76.0,https://usafacts.org/visualizations/coronavirus-covid-19-spread-map/state/illinois/
Jo Daviess County,0.0,0.0,4985.0,45.0,https://usafacts.org/visualizations/coronavirus-covid-19-spread-map/state/illinois/
Johnson County,0.0,0.0,5441.0,42.0,https://usafacts.org/visualizations/coronavirus-covid-19-spread-map/state/illinois/
Kane County,0.0,0.0,159592.0,1184.0,https://usafacts.org/visualizations/coronavirus-covid-19-spread-map/state/illinois/
Kankakee County,0.0,0.0,35247.0,381.0,https://usafacts.org/visualizations/coronavirus-covid-19-spread-map/state/illinois/
Kendall County,0.0,0.0,40641.0,170.0,https://usafacts.org/visualizations/coronavirus-covid-19-spread-map/state/illinois/
Knox County,0.0,0.0,15630.0,234.0,https://usafacts.org/visualizations/coronavirus-covid-19-spread-map/state/illinois/
LaSalle County,0.0,0.0,30531.0,449.0,https://usafacts.org/visualizations/coronavirus-covid-19-spread-map/state/illinois/
Lake County,0.0,0.0,201227.0,1499.0,https://usafacts.org/visualizations/coronavirus-covid-19-spread-map/state/illinois/
Lawrence County,0.0,0.0,6579.0,45.0,https://usafacts.org/visualizations/coronavirus-covid-19-spread-map/state/illinois/
Lee County,0.0,0.0,11023.0,89.0,https://usafacts.org/visualizations/coronavirus-covid-19-spread-map/state/illinois/
Livingston County,0.0,0.0,12724.0,142.0,https://usafacts.org/visualizations/coronavirus-covid-19-spread-map/state/illinois/
Logan County,0.0,0.0,11905.0,96.0,https://usafacts.org/visualizations/coronavirus-covid-19-spread-map/state/illinois/
Macon County,0.0,0.0,38552.0,363.0,https://usafacts.org/visualizations/coronavirus-covid-19-spread-map/state/illinois/
Macoupin County,0.0,0.0,15490.0,146.0,https://usafacts.org/visualizations/coronavirus-covid-19-spread-map/state/illinois/
Madison County,0.0,0.0,85398.0,844.0,https://usafacts.org/visualizations/coronavirus-covid-19-spread-map/state/illinois/
Marion County,0.0,0.0,14026.0,220.0,https://usafacts.org/visualizations/coronavirus-covid-19-spread-map/state/illinois/
Marshall County,0.0,0.0,3380.0,33.0,https://usafacts.org/visualizations/coronavirus-covid-19-spread-map/state/illinois/
Mason County,0.0,0.0,4653.0,66.0,https://usafacts.org/visualizations/coronavirus-covid-19-spread-map/state/illinois/
Massac County,0.0,0.0,4493.0,71.0,https://usafacts.org/visualizations/coronavirus-covid-19-spread-map/state/illinois/
McDonough County,0.0,0.0,8791.0,108.0,https://usafacts.org/visualizations/coronavirus-covid-19-spread-map/state/illinois/
McHenry County,0.0,0.0,96049.0,513.0,https://usafacts.org/visualizations/coronavirus-covid-19-spread-map/state/illinois/
McLean County,0.0,0.0,62206.0,325.0,https://usafacts.org/visualizations/coronavirus-covid-19-spread-map/state/illinois/
Menard County,0.0,0.0,4407.0,25.0,https://usafacts.org/visualizations/coronavirus-covid-19-spread-map/state/illinois/
Mercer County,0.0,0.0,4821.0,51.0,https://usafacts.org/visualizations/coronavirus-covid-19-spread-map/state/illinois/
Monroe County,0.0,0.0,11084.0,135.0,https://usafacts.org/visualizations/coronavirus-covid-19-spread-map/state/illinois/
Montgomery County,0.0,0.0,11819.0,109.0,https://usafacts.org/visualizations/coronavirus-covid-19-spread-map/state/illinois/
Morgan County,0.0,0.0,11899.0,134.0,https://usafacts.org/visualizations/coronavirus-covid-19-spread-map/state/illinois/
Moultrie County,0.0,0.0,4879.0,51.0,https://usafacts.org/visualizations/coronavirus-covid-19-spread-map/state/illinois/
Ogle County,0.0,0.0,16902.0,137.0,https://usafacts.org/visualizations/coronavirus-covid-19-spread-map/state/illinois/
Peoria County,0.0,0.0,58353.0,565.0,https://usafacts.org/visualizations/coronavirus-covid-19-spread-map/state/illinois/
Perry County,0.0,0.0,8793.0,99.0,https://usafacts.org/visualizations/coronavirus-covid-19-spread-map/state/illinois/
Piatt County,0.0,0.0,5344.0,23.0,https://usafacts.org/visualizations/coronavirus-covid-19-spread-map/state/illinois/
Pike County,0.0,0.0,5994.0,70.0,https://usafacts.org/visualizations/coronavirus-covid-19-spread-map/state/illinois/
Pope County,0.0,0.0,1227.0,9.0,https://usafacts.org/visualizations/coronavirus-covid-19-spread-map/state/illinois/
Pulaski County,0.0,0.0,2002.0,24.0,https://usafacts.org/visualizations/coronavirus-covid-19-spread-map/state/illinois/
Putnam County,0.0,0.0,1369.0,11.0,https://usafacts.org/visualizations/coronavirus-covid-19-spread-map/state/illinois/
Randolph County,0.0,0.0,12461.0,133.0,https://usafacts.org/visualizations/coronavirus-covid-19-spread-map/state/illinois/
Richland County,0.0,0.0,6087.0,77.0,https://usafacts.org/visualizations/coronavirus-covid-19-spread-map/state/illinois/
Rock Island County,0.0,0.0,40925.0,508.0,https://usafacts.org/visualizations/coronavirus-covid-19-spread-map/state/illinois/
Saline County,0.0,0.0,10058.0,105.0,https://usafacts.org/visualizations/coronavirus-covid-19-spread-map/state/illinois/
Sangamon County,0.0,0.0,73374.0,431.0,https://usafacts.org/visualizations/coronavirus-covid-19-spread-map/state/illinois/
Schuyler County,0.0,0.0,2406.0,17.0,https://usafacts.org/visualizations/coronavirus-covid-19-spread-map/state/illinois/
Scott County,0.0,0.0,1499.0,14.0,https://usafacts.org/visualizations/coronavirus-covid-19-spread-map/state/illinois/
Shelby County,0.0,0.0,7463.0,80.0,https://usafacts.org/visualizations/coronavirus-covid-19-spread-map/state/illinois/
St. Clair County,0.0,0.0,66565.0,800.0,https://usafacts.org/visualizations/coronavirus-covid-19-spread-map/state/illinois/
Stark County,0.0,0.0,1836.0,39.0,https://usafacts.org/visualizations/coronavirus-covid-19-spread-map/state/illinois/
Stephenson County,0.0,0.0,14385.0,178.0,https://usafacts.org/visualizations/coronavirus-covid-19-spread-map/state/illinois/
Tazewell County,0.0,0.0,44665.0,502.0,https://usafacts.org/visualizations/coronavirus-covid-19-spread-map/state/illinois/
Union County,0.0,0.0,6699.0,67.0,https://usafacts.org/visualizations/coronavirus-covid-19-spread-map/state/illinois/
Vermilion County,0.0,0.0,33919.0,313.0,https://usafacts.org/visualizations/coronavirus-covid-19-spread-map/state/illinois/
Wabash County,0.0,0.0,4616.0,30.0,https://usafacts.org/visualizations/coronavirus-covid-19-spread-map/state/illinois/
Warren County,0.0,0.0,4879.0,87.0,https://usafacts.org/visualizations/coronavirus-covid-19-spread-map/state/illinois/
Washington County,0.0,0.0,4000.0,36.0,https://usafacts.org/visualizations/coronavirus-covid-19-spread-map/state/illinois/
Wayne County,0.0,0.0,6409.0,91.0,https://usafacts.org/visualizations/coronavirus-covid-19-spread-map/state/illinois/
White County,0.0,0.0,5238.0,53.0,https://usafacts.org/visualizations/coronavirus-covid-19-spread-map/state/illinois/
Whiteside County,0.0,0.0,18859.0,242.0,https://usafacts.org/visualizations/coronavirus-covid-19-spread-map/state/illinois/
Will County,0.0,0.0,209917.0,1660.0,https://usafacts.org/visualizations/coronavirus-covid-19-spread-map/state/illinois/
Williamson County,0.0,0.0,27811.0,267.0,https://usafacts.org/visualizations/coronavirus-covid-19-spread-map/state/illinois/
Winnebago County,0.0,0.0,97215.0,877.0,https://usafacts.org/visualizations/coronavirus-covid-19-spread-map/state/illinois/
Woodford County,0.0,0.0,12249.0,118.0,https://usafacts.org/visualizations/coronavirus-covid-19-spread-map/state/illinois/
