County,7-Day Average Cases,7-Day Average Deaths,Total Cases,Total Deaths,State URL
Adair County,0.0,0.0,1794.0,52.0,https://usafacts.org/visualizations/coronavirus-covid-19-spread-map/state/iowa/
Adams County,0.0,0.0,931.0,14.0,https://usafacts.org/visualizations/coronavirus-covid-19-spread-map/state/iowa/
Allamakee County,0.0,0.0,3212.0,67.0,https://usafacts.org/visualizations/coronavirus-covid-19-spread-map/state/iowa/
Appanoose County,0.0,0.0,3403.0,80.0,https://usafacts.org/visualizations/coronavirus-covid-19-spread-map/state/iowa/
Audubon County,0.0,0.0,1299.0,24.0,https://usafacts.org/visualizations/coronavirus-covid-19-spread-map/state/iowa/
Benton County,0.0,0.0,7143.0,82.0,https://usafacts.org/visualizations/coronavirus-covid-19-spread-map/state/iowa/
Black Hawk County,0.0,0.0,38500.0,520.0,https://usafacts.org/visualizations/coronavirus-covid-19-spread-map/state/iowa/
Boone County,0.0,0.0,6446.0,67.0,https://usafacts.org/visualizations/coronavirus-covid-19-spread-map/state/iowa/
Bremer County,0.0,0.0,6323.0,87.0,https://usafacts.org/visualizations/coronavirus-covid-19-spread-map/state/iowa/
Buchanan County,0.0,0.0,5467.0,67.0,https://usafacts.org/visualizations/coronavirus-covid-19-spread-map/state/iowa/
Buena Vista County,0.0,0.0,6865.0,65.0,https://usafacts.org/visualizations/coronavirus-covid-19-spread-map/state/iowa/
Butler County,0.0,0.0,3774.0,61.0,https://usafacts.org/visualizations/coronavirus-covid-19-spread-map/state/iowa/
Calhoun County,0.0,0.0,3039.0,26.0,https://usafacts.org/visualizations/coronavirus-covid-19-spread-map/state/iowa/
Carroll County,0.0,0.0,5629.0,82.0,https://usafacts.org/visualizations/coronavirus-covid-19-spread-map/state/iowa/
Cass County,0.0,0.0,3267.0,87.0,https://usafacts.org/visualizations/coronavirus-covid-19-spread-map/state/iowa/
Cedar County,0.0,0.0,4991.0,46.0,https://usafacts.org/visualizations/coronavirus-covid-19-spread-map/state/iowa/
Cerro Gordo County,0.0,0.0,12665.0,180.0,https://usafacts.org/visualizations/coronavirus-covid-19-spread-map/state/iowa/
Cherokee County,0.0,0.0,3534.0,73.0,https://usafacts.org/visualizations/coronavirus-covid-19-spread-map/state/iowa/
Chickasaw County,0.0,0.0,3134.0,37.0,https://usafacts.org/visualizations/coronavirus-covid-19-spread-map/state/iowa/
Clarke County,0.0,0.0,2657.0,42.0,https://usafacts.org/visualizations/coronavirus-covid-19-spread-map/state/iowa/
Clay County,0.0,0.0,4750.0,52.0,https://usafacts.org/visualizations/coronavirus-covid-19-spread-map/state/iowa/
Clayton County,0.0,0.0,3986.0,80.0,https://usafacts.org/visualizations/coronavirus-covid-19-spread-map/state/iowa/
Clinton County,0.0,0.0,13727.0,167.0,https://usafacts.org/visualizations/coronavirus-covid-19-spread-map/state/iowa/
Crawford County,0.0,0.0,4987.0,59.0,https://usafacts.org/visualizations/coronavirus-covid-19-spread-map/state/iowa/
Dallas County,0.0,0.0,26604.0,157.0,https://usafacts.org/visualizations/coronavirus-covid-19-spread-map/state/iowa/
Davis County,0.0,0.0,1809.0,35.0,https://usafacts.org/visualizations/coronavirus-covid-19-spread-map/state/iowa/
Decatur County,0.0,0.0,1823.0,28.0,https://usafacts.org/visualizations/coronavirus-covid-19-spread-map/state/iowa/
Delaware County,0.0,0.0,4718.0,71.0,https://usafacts.org/visualizations/coronavirus-covid-19-spread-map/state/iowa/
Des Moines County,0.0,0.0,11061.0,160.0,https://usafacts.org/visualizations/coronavirus-covid-19-spread-map/state/iowa/
Dickinson County,0.0,0.0,4660.0,77.0,https://usafacts.org/visualizations/coronavirus-covid-19-spread-map/state/iowa/
Dubuque County,0.0,0.0,30647.0,325.0,https://usafacts.org/visualizations/coronavirus-covid-19-spread-map/state/iowa/
Emmet County,0.0,0.0,2648.0,55.0,https://usafacts.org/visualizations/coronavirus-covid-19-spread-map/state/iowa/
Fayette County,0.0,0.0,4885.0,86.0,https://usafacts.org/visualizations/coronavirus-covid-19-spread-map/state/iowa/
Floyd County,0.0,0.0,4150.0,69.0,https://usafacts.org/visualizations/coronavirus-covid-19-spread-map/state/iowa/
Franklin County,0.0,0.0,2922.0,48.0,https://usafacts.org/visualizations/coronavirus-covid-19-spread-map/state/iowa/
Fremont County,0.0,0.0,1617.0,29.0,https://usafacts.org/visualizations/coronavirus-covid-19-spread-map/state/iowa/
Greene County,0.0,0.0,2028.0,28.0,https://usafacts.org/visualizations/coronavirus-covid-19-spread-map/state/iowa/
Grundy County,0.0,0.0,3011.0,50.0,https://usafacts.org/visualizations/coronavirus-covid-19-spread-map/state/iowa/
Guthrie County,0.0,0.0,2745.0,48.0,https://usafacts.org/visualizations/coronavirus-covid-19-spread-map/state/iowa/
Hamilton County,0.0,0.0,3951.0,87.0,https://usafacts.org/visualizations/coronavirus-covid-19-spread-map/state/iowa/
Hancock County,0.0,0.0,3244.0,51.0,https://usafacts.org/visualizations/coronavirus-covid-19-spread-map/state/iowa/
Hardin County,0.0,0.0,5002.0,70.0,https://usafacts.org/visualizations/coronavirus-covid-19-spread-map/state/iowa/
Harrison County,0.0,0.0,3805.0,101.0,https://usafacts.org/visualizations/coronavirus-covid-19-spread-map/state/iowa/
Henry County,0.0,0.0,6435.0,82.0,https://usafacts.org/visualizations/coronavirus-covid-19-spread-map/state/iowa/
Howard County,0.0,0.0,2288.0,37.0,https://usafacts.org/visualizations/coronavirus-covid-19-spread-map/state/iowa/
Humboldt County,0.0,0.0,3035.0,43.0,https://usafacts.org/visualizations/coronavirus-covid-19-spread-map/state/iowa/
Ida County,0.0,0.0,2099.0,51.0,https://usafacts.org/visualizations/coronavirus-covid-19-spread-map/state/iowa/
Iowa County,0.0,0.0,4297.0,53.0,https://usafacts.org/visualizations/coronavirus-covid-19-spread-map/state/iowa/
Jackson County,0.0,0.0,5481.0,74.0,https://usafacts.org/visualizations/coronavirus-covid-19-spread-map/state/iowa/
Jasper County,0.0,0.0,10313.0,124.0,https://usafacts.org/visualizations/coronavirus-covid-19-spread-map/state/iowa/
Jefferson County,0.0,0.0,4334.0,60.0,https://usafacts.org/visualizations/coronavirus-covid-19-spread-map/state/iowa/
Johnson County,0.0,0.0,44353.0,173.0,https://usafacts.org/visualizations/coronavirus-covid-19-spread-map/state/iowa/
Jones County,0.0,0.0,6403.0,82.0,https://usafacts.org/visualizations/coronavirus-covid-19-spread-map/state/iowa/
Keokuk County,0.0,0.0,2459.0,54.0,https://usafacts.org/visualizations/coronavirus-covid-19-spread-map/state/iowa/
Kossuth County,0.0,0.0,4313.0,97.0,https://usafacts.org/visualizations/coronavirus-covid-19-spread-map/state/iowa/
Lee County,0.0,0.0,9102.0,148.0,https://usafacts.org/visualizations/coronavirus-covid-19-spread-map/state/iowa/
Linn County,0.0,0.0,63854.0,654.0,https://usafacts.org/visualizations/coronavirus-covid-19-spread-map/state/iowa/
Louisa County,0.0,0.0,2919.0,67.0,https://usafacts.org/visualizations/coronavirus-covid-19-spread-map/state/iowa/
Lucas County,0.0,0.0,2151.0,33.0,https://usafacts.org/visualizations/coronavirus-covid-19-spread-map/state/iowa/
Lyon County,0.0,0.0,3117.0,55.0,https://usafacts.org/visualizations/coronavirus-covid-19-spread-map/state/iowa/
Madison County,0.0,0.0,3644.0,45.0,https://usafacts.org/visualizations/coronavirus-covid-19-spread-map/state/iowa/
Mahaska County,0.0,0.0,5723.0,95.0,https://usafacts.org/visualizations/coronavirus-covid-19-spread-map/state/iowa/
Marion County,0.0,0.0,8799.0,133.0,https://usafacts.org/visualizations/coronavirus-covid-19-spread-map/state/iowa/
Marshall County,0.0,0.0,11247.0,131.0,https://usafacts.org/visualizations/coronavirus-covid-19-spread-map/state/iowa/
Mills County,0.0,0.0,3971.0,46.0,https://usafacts.org/visualizations/coronavirus-covid-19-spread-map/state/iowa/
Mitchell County,0.0,0.0,2794.0,50.0,https://usafacts.org/visualizations/coronavirus-covid-19-spread-map/state/iowa/
Monona County,0.0,0.0,2050.0,53.0,https://usafacts.org/visualizations/coronavirus-covid-19-spread-map/state/iowa/
Monroe County,0.0,0.0,2173.0,52.0,https://usafacts.org/visualizations/coronavirus-covid-19-spread-map/state/iowa/
Montgomery County,0.0,0.0,2566.0,59.0,https://usafacts.org/visualizations/coronavirus-covid-19-spread-map/state/iowa/
Muscatine County,0.0,0.0,11155.0,139.0,https://usafacts.org/visualizations/coronavirus-covid-19-spread-map/state/iowa/
O'Brien County,0.0,0.0,3833.0,73.0,https://usafacts.org/visualizations/coronavirus-covid-19-spread-map/state/iowa/
Osceola County,0.0,0.0,1547.0,23.0,https://usafacts.org/visualizations/coronavirus-covid-19-spread-map/state/iowa/
Page County,0.0,0.0,3796.0,54.0,https://usafacts.org/visualizations/coronavirus-covid-19-spread-map/state/iowa/
Palo Alto County,0.0,0.0,2367.0,41.0,https://usafacts.org/visualizations/coronavirus-covid-19-spread-map/state/iowa/
Plymouth County,0.0,0.0,7026.0,112.0,https://usafacts.org/visualizations/coronavirus-covid-19-spread-map/state/iowa/
Pocahontas County,0.0,0.0,1907.0,31.0,https://usafacts.org/visualizations/coronavirus-covid-19-spread-map/state/iowa/
Polk County,0.0,0.0,145914.0,1201.0,https://usafacts.org/visualizations/coronavirus-covid-19-spread-map/state/iowa/
Pottawattamie County,0.0,0.0,27734.0,349.0,https://usafacts.org/visualizations/coronavirus-covid-19-spread-map/state/iowa/
Poweshiek County,0.0,0.0,4579.0,65.0,https://usafacts.org/visualizations/coronavirus-covid-19-spread-map/state/iowa/
Ringgold County,0.0,0.0,1310.0,42.0,https://usafacts.org/visualizations/coronavirus-covid-19-spread-map/state/iowa/
Sac County,0.0,0.0,2832.0,42.0,https://usafacts.org/visualizations/coronavirus-covid-19-spread-map/state/iowa/
Scott County,0.0,0.0,48359.0,439.0,https://usafacts.org/visualizations/coronavirus-covid-19-spread-map/state/iowa/
Shelby County,0.0,0.0,3120.0,56.0,https://usafacts.org/visualizations/coronavirus-covid-19-spread-map/state/iowa/
Sioux County,0.0,0.0,8792.0,96.0,https://usafacts.org/visualizations/coronavirus-covid-19-spread-map/state/iowa/
Story County,0.0,0.0,22987.0,101.0,https://usafacts.org/visualizations/coronavirus-covid-19-spread-map/state/iowa/
Tama County,0.0,0.0,4595.0,100.0,https://usafacts.org/visualizations/coronavirus-covid-19-spread-map/state/iowa/
Taylor County,0.0,0.0,1519.0,25.0,https://usafacts.org/visualizations/coronavirus-covid-19-spread-map/state/iowa/
Union County,0.0,0.0,3144.0,54.0,https://usafacts.org/visualizations/coronavirus-covid-19-spread-map/state/iowa/
Van Buren County,0.0,0.0,1681.0,28.0,https://usafacts.org/visualizations/coronavirus-covid-19-spread-map/state/iowa/
Wapello County,0.0,0.0,10321.0,220.0,https://usafacts.org/visualizations/coronavirus-covid-19-spread-map/state/iowa/
Warren County,0.0,0.0,14388.0,152.0,https://usafacts.org/visualizations/coronavirus-covid-19-spread-map/state/iowa/
Washington County,0.0,0.0,6732.0,88.0,https://usafacts.org/visualizations/coronavirus-covid-19-spread-map/state/iowa/
Wayne County,0.0,0.0,1506.0,34.0,https://usafacts.org/visualizations/coronavirus-covid-19-spread-map/state/iowa/
Webster County,0.0,0.0,11996.0,185.0,https://usafacts.org/visualizations/coronavirus-covid-19-spread-map/state/iowa/
Winnebago County,0.0,0.0,3433.0,47.0,https://usafacts.org/visualizations/coronavirus-covid-19-spread-map/state/iowa/
Winneshiek County,0.0,0.0,4453.0,55.0,https://usafacts.org/visualizations/coronavirus-covid-19-spread-map/state/iowa/
Woodbury County,0.0,0.0,32721.0,356.0,https://usafacts.org/visualizations/coronavirus-covid-19-spread-map/state/iowa/
Worth County,0.0,0.0,2028.0,17.0,https://usafacts.org/visualizations/coronavirus-covid-19-spread-map/state/iowa/
Wright County,0.0,0.0,4009.0,70.0,https://usafacts.org/visualizations/coronavirus-covid-19-spread-map/state/iowa/
