County,7-Day Average Cases,7-Day Average Deaths,Total Cases,Total Deaths,State URL
Adair County,0.0,0.0,7803.0,115.0,https://usafacts.org/visualizations/coronavirus-covid-19-spread-map/state/kentucky/
Allen County,0.0,0.0,8512.0,125.0,https://usafacts.org/visualizations/coronavirus-covid-19-spread-map/state/kentucky/
Anderson County,0.0,0.0,8489.0,79.0,https://usafacts.org/visualizations/coronavirus-covid-19-spread-map/state/kentucky/
Ballard County,0.0,0.0,1742.0,37.0,https://usafacts.org/visualizations/coronavirus-covid-19-spread-map/state/kentucky/
Barren County,0.0,0.0,17288.0,239.0,https://usafacts.org/visualizations/coronavirus-covid-19-spread-map/state/kentucky/
Bath County,0.0,0.0,4646.0,53.0,https://usafacts.org/visualizations/coronavirus-covid-19-spread-map/state/kentucky/
Bell County,0.0,0.0,11139.0,172.0,https://usafacts.org/visualizations/coronavirus-covid-19-spread-map/state/kentucky/
Boone County,0.0,0.0,47219.0,353.0,https://usafacts.org/visualizations/coronavirus-covid-19-spread-map/state/kentucky/
Bourbon County,0.0,0.0,7807.0,74.0,https://usafacts.org/visualizations/coronavirus-covid-19-spread-map/state/kentucky/
Boyd County,0.0,0.0,22874.0,210.0,https://usafacts.org/visualizations/coronavirus-covid-19-spread-map/state/kentucky/
Boyle County,0.0,0.0,11425.0,165.0,https://usafacts.org/visualizations/coronavirus-covid-19-spread-map/state/kentucky/
Bracken County,0.0,0.0,2752.0,29.0,https://usafacts.org/visualizations/coronavirus-covid-19-spread-map/state/kentucky/
Breathitt County,0.0,0.0,5389.0,72.0,https://usafacts.org/visualizations/coronavirus-covid-19-spread-map/state/kentucky/
Breckinridge County,0.0,0.0,6685.0,89.0,https://usafacts.org/visualizations/coronavirus-covid-19-spread-map/state/kentucky/
Bullitt County,0.0,0.0,29123.0,258.0,https://usafacts.org/visualizations/coronavirus-covid-19-spread-map/state/kentucky/
Butler County,0.0,0.0,4746.0,58.0,https://usafacts.org/visualizations/coronavirus-covid-19-spread-map/state/kentucky/
Caldwell County,0.0,0.0,5077.0,66.0,https://usafacts.org/visualizations/coronavirus-covid-19-spread-map/state/kentucky/
Calloway County,0.0,0.0,11782.0,105.0,https://usafacts.org/visualizations/coronavirus-covid-19-spread-map/state/kentucky/
Campbell County,0.0,0.0,30133.0,212.0,https://usafacts.org/visualizations/coronavirus-covid-19-spread-map/state/kentucky/
Carlisle County,0.0,0.0,1356.0,24.0,https://usafacts.org/visualizations/coronavirus-covid-19-spread-map/state/kentucky/
Carroll County,0.0,0.0,4321.0,54.0,https://usafacts.org/visualizations/coronavirus-covid-19-spread-map/state/kentucky/
Carter County,0.0,0.0,12042.0,122.0,https://usafacts.org/visualizations/coronavirus-covid-19-spread-map/state/kentucky/
Casey County,0.0,0.0,5388.0,84.0,https://usafacts.org/visualizations/coronavirus-covid-19-spread-map/state/kentucky/
Christian County,0.0,0.0,20105.0,235.0,https://usafacts.org/visualizations/coronavirus-covid-19-spread-map/state/kentucky/
Clark County,0.0,0.0,14495.0,83.0,https://usafacts.org/visualizations/coronavirus-covid-19-spread-map/state/kentucky/
Clay County,0.0,0.0,9730.0,110.0,https://usafacts.org/visualizations/coronavirus-covid-19-spread-map/state/kentucky/
Clinton County,0.0,0.0,4759.0,58.0,https://usafacts.org/visualizations/coronavirus-covid-19-spread-map/state/kentucky/
Crittenden County,0.0,0.0,2845.0,58.0,https://usafacts.org/visualizations/coronavirus-covid-19-spread-map/state/kentucky/
Cumberland County,0.0,0.0,2772.0,35.0,https://usafacts.org/visualizations/coronavirus-covid-19-spread-map/state/kentucky/
Daviess County,0.0,0.0,38783.0,447.0,https://usafacts.org/visualizations/coronavirus-covid-19-spread-map/state/kentucky/
Edmonson County,0.0,0.0,3288.0,57.0,https://usafacts.org/visualizations/coronavirus-covid-19-spread-map/state/kentucky/
Elliott County,0.0,0.0,3680.0,22.0,https://usafacts.org/visualizations/coronavirus-covid-19-spread-map/state/kentucky/
Estill County,0.0,0.0,5296.0,58.0,https://usafacts.org/visualizations/coronavirus-covid-19-spread-map/state/kentucky/
Fayette County,0.0,0.0,122877.0,724.0,https://usafacts.org/visualizations/coronavirus-covid-19-spread-map/state/kentucky/
Fleming County,0.0,0.0,4981.0,74.0,https://usafacts.org/visualizations/coronavirus-covid-19-spread-map/state/kentucky/
Floyd County,0.0,0.0,16922.0,254.0,https://usafacts.org/visualizations/coronavirus-covid-19-spread-map/state/kentucky/
Franklin County,0.0,0.0,18545.0,191.0,https://usafacts.org/visualizations/coronavirus-covid-19-spread-map/state/kentucky/
Fulton County,0.0,0.0,1476.0,35.0,https://usafacts.org/visualizations/coronavirus-covid-19-spread-map/state/kentucky/
Gallatin County,0.0,0.0,2799.0,57.0,https://usafacts.org/visualizations/coronavirus-covid-19-spread-map/state/kentucky/
Garrard County,0.0,0.0,6014.0,93.0,https://usafacts.org/visualizations/coronavirus-covid-19-spread-map/state/kentucky/
Grant County,0.0,0.0,9976.0,74.0,https://usafacts.org/visualizations/coronavirus-covid-19-spread-map/state/kentucky/
Graves County,0.0,0.0,13659.0,205.0,https://usafacts.org/visualizations/coronavirus-covid-19-spread-map/state/kentucky/
Grayson County,0.0,0.0,10065.0,151.0,https://usafacts.org/visualizations/coronavirus-covid-19-spread-map/state/kentucky/
Green County,0.0,0.0,4827.0,51.0,https://usafacts.org/visualizations/coronavirus-covid-19-spread-map/state/kentucky/
Greenup County,0.0,0.0,16765.0,159.0,https://usafacts.org/visualizations/coronavirus-covid-19-spread-map/state/kentucky/
Hancock County,0.0,0.0,3153.0,30.0,https://usafacts.org/visualizations/coronavirus-covid-19-spread-map/state/kentucky/
Hardin County,0.0,0.0,43711.0,491.0,https://usafacts.org/visualizations/coronavirus-covid-19-spread-map/state/kentucky/
Harlan County,0.0,0.0,12804.0,233.0,https://usafacts.org/visualizations/coronavirus-covid-19-spread-map/state/kentucky/
Harrison County,0.0,0.0,8524.0,91.0,https://usafacts.org/visualizations/coronavirus-covid-19-spread-map/state/kentucky/
Hart County,0.0,0.0,6888.0,110.0,https://usafacts.org/visualizations/coronavirus-covid-19-spread-map/state/kentucky/
Henderson County,0.0,0.0,17657.0,185.0,https://usafacts.org/visualizations/coronavirus-covid-19-spread-map/state/kentucky/
Henry County,0.0,0.0,6386.0,61.0,https://usafacts.org/visualizations/coronavirus-covid-19-spread-map/state/kentucky/
Hickman County,0.0,0.0,1100.0,31.0,https://usafacts.org/visualizations/coronavirus-covid-19-spread-map/state/kentucky/
Hopkins County,0.0,0.0,19721.0,283.0,https://usafacts.org/visualizations/coronavirus-covid-19-spread-map/state/kentucky/
Jackson County,0.0,0.0,5219.0,84.0,https://usafacts.org/visualizations/coronavirus-covid-19-spread-map/state/kentucky/
Jefferson County,0.0,0.0,282746.0,2676.0,https://usafacts.org/visualizations/coronavirus-covid-19-spread-map/state/kentucky/
Jessamine County,0.0,0.0,19107.0,168.0,https://usafacts.org/visualizations/coronavirus-covid-19-spread-map/state/kentucky/
Johnson County,0.0,0.0,9070.0,138.0,https://usafacts.org/visualizations/coronavirus-covid-19-spread-map/state/kentucky/
Kenton County,0.0,0.0,54074.0,472.0,https://usafacts.org/visualizations/coronavirus-covid-19-spread-map/state/kentucky/
Knott County,0.0,0.0,6064.0,77.0,https://usafacts.org/visualizations/coronavirus-covid-19-spread-map/state/kentucky/
Knox County,0.0,0.0,14999.0,174.0,https://usafacts.org/visualizations/coronavirus-covid-19-spread-map/state/kentucky/
Larue County,0.0,0.0,4817.0,80.0,https://usafacts.org/visualizations/coronavirus-covid-19-spread-map/state/kentucky/
Laurel County,0.0,0.0,26976.0,288.0,https://usafacts.org/visualizations/coronavirus-covid-19-spread-map/state/kentucky/
Lawrence County,0.0,0.0,5548.0,80.0,https://usafacts.org/visualizations/coronavirus-covid-19-spread-map/state/kentucky/
Lee County,0.0,0.0,3505.0,59.0,https://usafacts.org/visualizations/coronavirus-covid-19-spread-map/state/kentucky/
Leslie County,0.0,0.0,5217.0,60.0,https://usafacts.org/visualizations/coronavirus-covid-19-spread-map/state/kentucky/
Letcher County,0.0,0.0,9847.0,138.0,https://usafacts.org/visualizations/coronavirus-covid-19-spread-map/state/kentucky/
Lewis County,0.0,0.0,5744.0,94.0,https://usafacts.org/visualizations/coronavirus-covid-19-spread-map/state/kentucky/
Lincoln County,0.0,0.0,8904.0,151.0,https://usafacts.org/visualizations/coronavirus-covid-19-spread-map/state/kentucky/
Livingston County,0.0,0.0,3101.0,66.0,https://usafacts.org/visualizations/coronavirus-covid-19-spread-map/state/kentucky/
Logan County,0.0,0.0,10322.0,140.0,https://usafacts.org/visualizations/coronavirus-covid-19-spread-map/state/kentucky/
Lyon County,0.0,0.0,3619.0,41.0,https://usafacts.org/visualizations/coronavirus-covid-19-spread-map/state/kentucky/
Madison County,0.0,0.0,35443.0,310.0,https://usafacts.org/visualizations/coronavirus-covid-19-spread-map/state/kentucky/
Magoffin County,0.0,0.0,5143.0,62.0,https://usafacts.org/visualizations/coronavirus-covid-19-spread-map/state/kentucky/
Marion County,0.0,0.0,8038.0,92.0,https://usafacts.org/visualizations/coronavirus-covid-19-spread-map/state/kentucky/
Marshall County,0.0,0.0,10247.0,129.0,https://usafacts.org/visualizations/coronavirus-covid-19-spread-map/state/kentucky/
Martin County,0.0,0.0,4230.0,54.0,https://usafacts.org/visualizations/coronavirus-covid-19-spread-map/state/kentucky/
Mason County,0.0,0.0,6310.0,117.0,https://usafacts.org/visualizations/coronavirus-covid-19-spread-map/state/kentucky/
McCracken County,0.0,0.0,23942.0,311.0,https://usafacts.org/visualizations/coronavirus-covid-19-spread-map/state/kentucky/
McCreary County,0.0,0.0,7713.0,91.0,https://usafacts.org/visualizations/coronavirus-covid-19-spread-map/state/kentucky/
McLean County,0.0,0.0,3337.0,62.0,https://usafacts.org/visualizations/coronavirus-covid-19-spread-map/state/kentucky/
Meade County,0.0,0.0,7464.0,69.0,https://usafacts.org/visualizations/coronavirus-covid-19-spread-map/state/kentucky/
Menifee County,0.0,0.0,2364.0,36.0,https://usafacts.org/visualizations/coronavirus-covid-19-spread-map/state/kentucky/
Mercer County,0.0,0.0,9449.0,118.0,https://usafacts.org/visualizations/coronavirus-covid-19-spread-map/state/kentucky/
Metcalfe County,0.0,0.0,3720.0,77.0,https://usafacts.org/visualizations/coronavirus-covid-19-spread-map/state/kentucky/
Monroe County,0.0,0.0,4501.0,90.0,https://usafacts.org/visualizations/coronavirus-covid-19-spread-map/state/kentucky/
Montgomery County,0.0,0.0,11351.0,128.0,https://usafacts.org/visualizations/coronavirus-covid-19-spread-map/state/kentucky/
Morgan County,0.0,0.0,6720.0,36.0,https://usafacts.org/visualizations/coronavirus-covid-19-spread-map/state/kentucky/
Muhlenberg County,0.0,0.0,13284.0,135.0,https://usafacts.org/visualizations/coronavirus-covid-19-spread-map/state/kentucky/
Nelson County,0.0,0.0,19224.0,171.0,https://usafacts.org/visualizations/coronavirus-covid-19-spread-map/state/kentucky/
Nicholas County,0.0,0.0,2717.0,35.0,https://usafacts.org/visualizations/coronavirus-covid-19-spread-map/state/kentucky/
Ohio County,0.0,0.0,8956.0,123.0,https://usafacts.org/visualizations/coronavirus-covid-19-spread-map/state/kentucky/
Oldham County,0.0,0.0,23641.0,164.0,https://usafacts.org/visualizations/coronavirus-covid-19-spread-map/state/kentucky/
Owen County,0.0,0.0,3126.0,40.0,https://usafacts.org/visualizations/coronavirus-covid-19-spread-map/state/kentucky/
Owsley County,0.0,0.0,2094.0,34.0,https://usafacts.org/visualizations/coronavirus-covid-19-spread-map/state/kentucky/
Pendleton County,0.0,0.0,4367.0,43.0,https://usafacts.org/visualizations/coronavirus-covid-19-spread-map/state/kentucky/
Perry County,0.0,0.0,15989.0,210.0,https://usafacts.org/visualizations/coronavirus-covid-19-spread-map/state/kentucky/
Pike County,0.0,0.0,25157.0,366.0,https://usafacts.org/visualizations/coronavirus-covid-19-spread-map/state/kentucky/
Powell County,0.0,0.0,6473.0,51.0,https://usafacts.org/visualizations/coronavirus-covid-19-spread-map/state/kentucky/
Pulaski County,0.0,0.0,22113.0,328.0,https://usafacts.org/visualizations/coronavirus-covid-19-spread-map/state/kentucky/
Robertson County,0.0,0.0,878.0,22.0,https://usafacts.org/visualizations/coronavirus-covid-19-spread-map/state/kentucky/
Rockcastle County,0.0,0.0,6652.0,69.0,https://usafacts.org/visualizations/coronavirus-covid-19-spread-map/state/kentucky/
Rowan County,0.0,0.0,9776.0,79.0,https://usafacts.org/visualizations/coronavirus-covid-19-spread-map/state/kentucky/
Russell County,0.0,0.0,8367.0,100.0,https://usafacts.org/visualizations/coronavirus-covid-19-spread-map/state/kentucky/
Scott County,0.0,0.0,22857.0,124.0,https://usafacts.org/visualizations/coronavirus-covid-19-spread-map/state/kentucky/
Shelby County,0.0,0.0,16888.0,186.0,https://usafacts.org/visualizations/coronavirus-covid-19-spread-map/state/kentucky/
Simpson County,0.0,0.0,7513.0,104.0,https://usafacts.org/visualizations/coronavirus-covid-19-spread-map/state/kentucky/
Spencer County,0.0,0.0,7070.0,67.0,https://usafacts.org/visualizations/coronavirus-covid-19-spread-map/state/kentucky/
Taylor County,0.0,0.0,11828.0,145.0,https://usafacts.org/visualizations/coronavirus-covid-19-spread-map/state/kentucky/
Todd County,0.0,0.0,3556.0,48.0,https://usafacts.org/visualizations/coronavirus-covid-19-spread-map/state/kentucky/
Trigg County,0.0,0.0,5094.0,50.0,https://usafacts.org/visualizations/coronavirus-covid-19-spread-map/state/kentucky/
Trimble County,0.0,0.0,2751.0,48.0,https://usafacts.org/visualizations/coronavirus-covid-19-spread-map/state/kentucky/
Union County,0.0,0.0,5450.0,63.0,https://usafacts.org/visualizations/coronavirus-covid-19-spread-map/state/kentucky/
Warren County,0.0,0.0,55172.0,427.0,https://usafacts.org/visualizations/coronavirus-covid-19-spread-map/state/kentucky/
Washington County,0.0,0.0,5085.0,71.0,https://usafacts.org/visualizations/coronavirus-covid-19-spread-map/state/kentucky/
Wayne County,0.0,0.0,8319.0,106.0,https://usafacts.org/visualizations/coronavirus-covid-19-spread-map/state/kentucky/
Webster County,0.0,0.0,4899.0,52.0,https://usafacts.org/visualizations/coronavirus-covid-19-spread-map/state/kentucky/
Whitley County,0.0,0.0,17160.0,234.0,https://usafacts.org/visualizations/coronavirus-covid-19-spread-map/state/kentucky/
Wolfe County,0.0,0.0,3563.0,30.0,https://usafacts.org/visualizations/coronavirus-covid-19-spread-map/state/kentucky/
Woodford County,0.0,0.0,9505.0,60.0,https://usafacts.org/visualizations/coronavirus-covid-19-spread-map/state/kentucky/
