County,7-Day Average Cases,7-Day Average Deaths,Total Cases,Total Deaths,State URL
Acadia Parish,0.0,0.0,18241.0,301.0,https://usafacts.org/visualizations/coronavirus-covid-19-spread-map/state/louisiana/
Allen Parish,0.0,0.0,8819.0,143.0,https://usafacts.org/visualizations/coronavirus-covid-19-spread-map/state/louisiana/
Ascension Parish,0.0,0.0,40002.0,302.0,https://usafacts.org/visualizations/coronavirus-covid-19-spread-map/state/louisiana/
Assumption Parish,0.0,0.0,6402.0,72.0,https://usafacts.org/visualizations/coronavirus-covid-19-spread-map/state/louisiana/
Avoyelles Parish,0.0,0.0,13560.0,215.0,https://usafacts.org/visualizations/coronavirus-covid-19-spread-map/state/louisiana/
Beauregard Parish,0.0,0.0,10652.0,144.0,https://usafacts.org/visualizations/coronavirus-covid-19-spread-map/state/louisiana/
Bienville Parish,0.0,0.0,4707.0,115.0,https://usafacts.org/visualizations/coronavirus-covid-19-spread-map/state/louisiana/
Bossier Parish,0.0,0.0,47109.0,522.0,https://usafacts.org/visualizations/coronavirus-covid-19-spread-map/state/louisiana/
Caddo Parish,0.0,0.0,81999.0,1222.0,https://usafacts.org/visualizations/coronavirus-covid-19-spread-map/state/louisiana/
Calcasieu Parish,0.0,0.0,63247.0,731.0,https://usafacts.org/visualizations/coronavirus-covid-19-spread-map/state/louisiana/
Caldwell Parish,0.0,0.0,4286.0,55.0,https://usafacts.org/visualizations/coronavirus-covid-19-spread-map/state/louisiana/
Cameron Parish,0.0,0.0,1325.0,10.0,https://usafacts.org/visualizations/coronavirus-covid-19-spread-map/state/louisiana/
Catahoula Parish,0.0,0.0,3002.0,59.0,https://usafacts.org/visualizations/coronavirus-covid-19-spread-map/state/louisiana/
Claiborne Parish,0.0,0.0,3873.0,81.0,https://usafacts.org/visualizations/coronavirus-covid-19-spread-map/state/louisiana/
Concordia Parish,0.0,0.0,5943.0,91.0,https://usafacts.org/visualizations/coronavirus-covid-19-spread-map/state/louisiana/
De Soto Parish,0.0,0.0,9072.0,142.0,https://usafacts.org/visualizations/coronavirus-covid-19-spread-map/state/louisiana/
East Baton Rouge Parish,0.0,0.0,129335.0,1395.0,https://usafacts.org/visualizations/coronavirus-covid-19-spread-map/state/louisiana/
East Carroll Parish,0.0,0.0,3041.0,38.0,https://usafacts.org/visualizations/coronavirus-covid-19-spread-map/state/louisiana/
East Feliciana Parish,0.0,0.0,7878.0,177.0,https://usafacts.org/visualizations/coronavirus-covid-19-spread-map/state/louisiana/
Evangeline Parish,0.0,0.0,9858.0,161.0,https://usafacts.org/visualizations/coronavirus-covid-19-spread-map/state/louisiana/
Franklin Parish,0.0,0.0,8458.0,186.0,https://usafacts.org/visualizations/coronavirus-covid-19-spread-map/state/louisiana/
Grant Parish,0.0,0.0,6852.0,97.0,https://usafacts.org/visualizations/coronavirus-covid-19-spread-map/state/louisiana/
Iberia Parish,0.0,0.0,23088.0,271.0,https://usafacts.org/visualizations/coronavirus-covid-19-spread-map/state/louisiana/
Iberville Parish,0.0,0.0,10948.0,155.0,https://usafacts.org/visualizations/coronavirus-covid-19-spread-map/state/louisiana/
Jackson Parish,0.0,0.0,5246.0,81.0,https://usafacts.org/visualizations/coronavirus-covid-19-spread-map/state/louisiana/
Jefferson Davis Parish,0.0,0.0,7913.0,171.0,https://usafacts.org/visualizations/coronavirus-covid-19-spread-map/state/louisiana/
Jefferson Parish,0.0,0.0,134046.0,1409.0,https://usafacts.org/visualizations/coronavirus-covid-19-spread-map/state/louisiana/
LaSalle Parish,0.0,0.0,4893.0,67.0,https://usafacts.org/visualizations/coronavirus-covid-19-spread-map/state/louisiana/
Lafayette Parish,0.0,0.0,73077.0,520.0,https://usafacts.org/visualizations/coronavirus-covid-19-spread-map/state/louisiana/
Lafourche Parish,0.0,0.0,32723.0,392.0,https://usafacts.org/visualizations/coronavirus-covid-19-spread-map/state/louisiana/
Lincoln Parish,0.0,0.0,14664.0,156.0,https://usafacts.org/visualizations/coronavirus-covid-19-spread-map/state/louisiana/
Livingston Parish,0.0,0.0,41872.0,480.0,https://usafacts.org/visualizations/coronavirus-covid-19-spread-map/state/louisiana/
Madison Parish,0.0,0.0,3729.0,64.0,https://usafacts.org/visualizations/coronavirus-covid-19-spread-map/state/louisiana/
Morehouse Parish,0.0,0.0,8163.0,142.0,https://usafacts.org/visualizations/coronavirus-covid-19-spread-map/state/louisiana/
Natchitoches Parish,0.0,0.0,12223.0,181.0,https://usafacts.org/visualizations/coronavirus-covid-19-spread-map/state/louisiana/
Orleans Parish,0.0,0.0,106755.0,1169.0,https://usafacts.org/visualizations/coronavirus-covid-19-spread-map/state/louisiana/
Ouachita Parish,0.0,0.0,59554.0,806.0,https://usafacts.org/visualizations/coronavirus-covid-19-spread-map/state/louisiana/
Plaquemines Parish,0.0,0.0,7435.0,48.0,https://usafacts.org/visualizations/coronavirus-covid-19-spread-map/state/louisiana/
Pointe Coupee Parish,0.0,0.0,7437.0,96.0,https://usafacts.org/visualizations/coronavirus-covid-19-spread-map/state/louisiana/
Rapides Parish,0.0,0.0,37952.0,604.0,https://usafacts.org/visualizations/coronavirus-covid-19-spread-map/state/louisiana/
Red River Parish,0.0,0.0,2425.0,58.0,https://usafacts.org/visualizations/coronavirus-covid-19-spread-map/state/louisiana/
Richland Parish,0.0,0.0,8294.0,104.0,https://usafacts.org/visualizations/coronavirus-covid-19-spread-map/state/louisiana/
Sabine Parish,0.0,0.0,7688.0,122.0,https://usafacts.org/visualizations/coronavirus-covid-19-spread-map/state/louisiana/
St. Bernard Parish,0.0,0.0,13411.0,117.0,https://usafacts.org/visualizations/coronavirus-covid-19-spread-map/state/louisiana/
St. Charles Parish,0.0,0.0,16257.0,152.0,https://usafacts.org/visualizations/coronavirus-covid-19-spread-map/state/louisiana/
St. Helena Parish,0.0,0.0,2137.0,25.0,https://usafacts.org/visualizations/coronavirus-covid-19-spread-map/state/louisiana/
St. James Parish,0.0,0.0,6939.0,78.0,https://usafacts.org/visualizations/coronavirus-covid-19-spread-map/state/louisiana/
St. John the Baptist Parish,0.0,0.0,12545.0,187.0,https://usafacts.org/visualizations/coronavirus-covid-19-spread-map/state/louisiana/
St. Landry Parish,0.0,0.0,26159.0,426.0,https://usafacts.org/visualizations/coronavirus-covid-19-spread-map/state/louisiana/
St. Martin Parish,0.0,0.0,14540.0,197.0,https://usafacts.org/visualizations/coronavirus-covid-19-spread-map/state/louisiana/
St. Mary Parish,0.0,0.0,14665.0,281.0,https://usafacts.org/visualizations/coronavirus-covid-19-spread-map/state/louisiana/
St. Tammany Parish,0.0,0.0,86174.0,911.0,https://usafacts.org/visualizations/coronavirus-covid-19-spread-map/state/louisiana/
Tangipahoa Parish,0.0,0.0,41454.0,645.0,https://usafacts.org/visualizations/coronavirus-covid-19-spread-map/state/louisiana/
Tensas Parish,0.0,0.0,1248.0,13.0,https://usafacts.org/visualizations/coronavirus-covid-19-spread-map/state/louisiana/
Terrebonne Parish,0.0,0.0,36843.0,432.0,https://usafacts.org/visualizations/coronavirus-covid-19-spread-map/state/louisiana/
Union Parish,0.0,0.0,8423.0,142.0,https://usafacts.org/visualizations/coronavirus-covid-19-spread-map/state/louisiana/
Vermilion Parish,0.0,0.0,18067.0,241.0,https://usafacts.org/visualizations/coronavirus-covid-19-spread-map/state/louisiana/
Vernon Parish,0.0,0.0,11209.0,195.0,https://usafacts.org/visualizations/coronavirus-covid-19-spread-map/state/louisiana/
Washington Parish,0.0,0.0,15342.0,264.0,https://usafacts.org/visualizations/coronavirus-covid-19-spread-map/state/louisiana/
Webster Parish,0.0,0.0,13751.0,195.0,https://usafacts.org/visualizations/coronavirus-covid-19-spread-map/state/louisiana/
West Baton Rouge Parish,0.0,0.0,8534.0,93.0,https://usafacts.org/visualizations/coronavirus-covid-19-spread-map/state/louisiana/
West Carroll Parish,0.0,0.0,4331.0,71.0,https://usafacts.org/visualizations/coronavirus-covid-19-spread-map/state/louisiana/
West Feliciana Parish,0.0,0.0,3102.0,48.0,https://usafacts.org/visualizations/coronavirus-covid-19-spread-map/state/louisiana/
Winn Parish,0.0,0.0,5241.0,68.0,https://usafacts.org/visualizations/coronavirus-covid-19-spread-map/state/louisiana/
