County,7-Day Average Cases,7-Day Average Deaths,Total Cases,Total Deaths,State URL
Aitkin County,0.0,0.0,3184.0,63.0,https://usafacts.org/visualizations/coronavirus-covid-19-spread-map/state/minnesota/
Anoka County,0.0,0.0,105106.0,808.0,https://usafacts.org/visualizations/coronavirus-covid-19-spread-map/state/minnesota/
Becker County,0.0,0.0,9244.0,96.0,https://usafacts.org/visualizations/coronavirus-covid-19-spread-map/state/minnesota/
Beltrami County,0.0,0.0,12551.0,128.0,https://usafacts.org/visualizations/coronavirus-covid-19-spread-map/state/minnesota/
Benton County,0.0,0.0,14910.0,177.0,https://usafacts.org/visualizations/coronavirus-covid-19-spread-map/state/minnesota/
Big Stone County,0.0,0.0,1465.0,9.0,https://usafacts.org/visualizations/coronavirus-covid-19-spread-map/state/minnesota/
Blue Earth County,0.0,0.0,19001.0,105.0,https://usafacts.org/visualizations/coronavirus-covid-19-spread-map/state/minnesota/
Brown County,0.0,0.0,6832.0,81.0,https://usafacts.org/visualizations/coronavirus-covid-19-spread-map/state/minnesota/
Carlton County,0.0,0.0,9771.0,100.0,https://usafacts.org/visualizations/coronavirus-covid-19-spread-map/state/minnesota/
Carver County,0.0,0.0,28686.0,119.0,https://usafacts.org/visualizations/coronavirus-covid-19-spread-map/state/minnesota/
Cass County,0.0,0.0,7423.0,84.0,https://usafacts.org/visualizations/coronavirus-covid-19-spread-map/state/minnesota/
Chippewa County,0.0,0.0,3260.0,48.0,https://usafacts.org/visualizations/coronavirus-covid-19-spread-map/state/minnesota/
Chisago County,0.0,0.0,15410.0,120.0,https://usafacts.org/visualizations/coronavirus-covid-19-spread-map/state/minnesota/
Clay County,0.0,0.0,20805.0,127.0,https://usafacts.org/visualizations/coronavirus-covid-19-spread-map/state/minnesota/
Clearwater County,0.0,0.0,2207.0,31.0,https://usafacts.org/visualizations/coronavirus-covid-19-spread-map/state/minnesota/
Cook County,0.0,0.0,651.0,4.0,https://usafacts.org/visualizations/coronavirus-covid-19-spread-map/state/minnesota/
Cottonwood County,0.0,0.0,3330.0,41.0,https://usafacts.org/visualizations/coronavirus-covid-19-spread-map/state/minnesota/
Crow Wing County,0.0,0.0,16901.0,172.0,https://usafacts.org/visualizations/coronavirus-covid-19-spread-map/state/minnesota/
Dakota County,0.0,0.0,119858.0,796.0,https://usafacts.org/visualizations/coronavirus-covid-19-spread-map/state/minnesota/
Dodge County,0.0,0.0,6095.0,22.0,https://usafacts.org/visualizations/coronavirus-covid-19-spread-map/state/minnesota/
Douglas County,0.0,0.0,11579.0,119.0,https://usafacts.org/visualizations/coronavirus-covid-19-spread-map/state/minnesota/
Faribault County,0.0,0.0,4001.0,54.0,https://usafacts.org/visualizations/coronavirus-covid-19-spread-map/state/minnesota/
Fillmore County,0.0,0.0,5090.0,24.0,https://usafacts.org/visualizations/coronavirus-covid-19-spread-map/state/minnesota/
Freeborn County,0.0,0.0,9476.0,78.0,https://usafacts.org/visualizations/coronavirus-covid-19-spread-map/state/minnesota/
Goodhue County,0.0,0.0,14138.0,140.0,https://usafacts.org/visualizations/coronavirus-covid-19-spread-map/state/minnesota/
Grant County,0.0,0.0,1550.0,12.0,https://usafacts.org/visualizations/coronavirus-covid-19-spread-map/state/minnesota/
Hennepin County,0.0,0.0,333729.0,2634.0,https://usafacts.org/visualizations/coronavirus-covid-19-spread-map/state/minnesota/
Houston County,0.0,0.0,4850.0,20.0,https://usafacts.org/visualizations/coronavirus-covid-19-spread-map/state/minnesota/
Hubbard County,0.0,0.0,5177.0,60.0,https://usafacts.org/visualizations/coronavirus-covid-19-spread-map/state/minnesota/
Isanti County,0.0,0.0,10611.0,119.0,https://usafacts.org/visualizations/coronavirus-covid-19-spread-map/state/minnesota/
Itasca County,0.0,0.0,11877.0,149.0,https://usafacts.org/visualizations/coronavirus-covid-19-spread-map/state/minnesota/
Jackson County,0.0,0.0,2221.0,17.0,https://usafacts.org/visualizations/coronavirus-covid-19-spread-map/state/minnesota/
Kanabec County,0.0,0.0,3743.0,57.0,https://usafacts.org/visualizations/coronavirus-covid-19-spread-map/state/minnesota/
Kandiyohi County,0.0,0.0,14043.0,142.0,https://usafacts.org/visualizations/coronavirus-covid-19-spread-map/state/minnesota/
Kittson County,0.0,0.0,1076.0,28.0,https://usafacts.org/visualizations/coronavirus-covid-19-spread-map/state/minnesota/
Koochiching County,0.0,0.0,3036.0,38.0,https://usafacts.org/visualizations/coronavirus-covid-19-spread-map/state/minnesota/
Lac qui Parle County,0.0,0.0,1843.0,29.0,https://usafacts.org/visualizations/coronavirus-covid-19-spread-map/state/minnesota/
Lake County,0.0,0.0,2277.0,30.0,https://usafacts.org/visualizations/coronavirus-covid-19-spread-map/state/minnesota/
Lake of the Woods County,0.0,0.0,812.0,6.0,https://usafacts.org/visualizations/coronavirus-covid-19-spread-map/state/minnesota/
Le Sueur County,0.0,0.0,6739.0,51.0,https://usafacts.org/visualizations/coronavirus-covid-19-spread-map/state/minnesota/
Lincoln County,0.0,0.0,1252.0,6.0,https://usafacts.org/visualizations/coronavirus-covid-19-spread-map/state/minnesota/
Lyon County,0.0,0.0,7314.0,74.0,https://usafacts.org/visualizations/coronavirus-covid-19-spread-map/state/minnesota/
Mahnomen County,0.0,0.0,1875.0,18.0,https://usafacts.org/visualizations/coronavirus-covid-19-spread-map/state/minnesota/
Marshall County,0.0,0.0,2165.0,24.0,https://usafacts.org/visualizations/coronavirus-covid-19-spread-map/state/minnesota/
Martin County,0.0,0.0,5864.0,65.0,https://usafacts.org/visualizations/coronavirus-covid-19-spread-map/state/minnesota/
McLeod County,0.0,0.0,11278.0,108.0,https://usafacts.org/visualizations/coronavirus-covid-19-spread-map/state/minnesota/
Meeker County,0.0,0.0,6223.0,75.0,https://usafacts.org/visualizations/coronavirus-covid-19-spread-map/state/minnesota/
Mille Lacs County,0.0,0.0,7586.0,117.0,https://usafacts.org/visualizations/coronavirus-covid-19-spread-map/state/minnesota/
Morrison County,0.0,0.0,9594.0,106.0,https://usafacts.org/visualizations/coronavirus-covid-19-spread-map/state/minnesota/
Mower County,0.0,0.0,12474.0,74.0,https://usafacts.org/visualizations/coronavirus-covid-19-spread-map/state/minnesota/
Murray County,0.0,0.0,2116.0,19.0,https://usafacts.org/visualizations/coronavirus-covid-19-spread-map/state/minnesota/
Nicollet County,0.0,0.0,8684.0,68.0,https://usafacts.org/visualizations/coronavirus-covid-19-spread-map/state/minnesota/
Nobles County,0.0,0.0,7104.0,60.0,https://usafacts.org/visualizations/coronavirus-covid-19-spread-map/state/minnesota/
Norman County,0.0,0.0,1580.0,14.0,https://usafacts.org/visualizations/coronavirus-covid-19-spread-map/state/minnesota/
Olmsted County,0.0,0.0,46243.0,194.0,https://usafacts.org/visualizations/coronavirus-covid-19-spread-map/state/minnesota/
Otter Tail County,0.0,0.0,14178.0,172.0,https://usafacts.org/visualizations/coronavirus-covid-19-spread-map/state/minnesota/
Pennington County,0.0,0.0,3783.0,41.0,https://usafacts.org/visualizations/coronavirus-covid-19-spread-map/state/minnesota/
Pine County,0.0,0.0,7509.0,68.0,https://usafacts.org/visualizations/coronavirus-covid-19-spread-map/state/minnesota/
Pipestone County,0.0,0.0,2051.0,34.0,https://usafacts.org/visualizations/coronavirus-covid-19-spread-map/state/minnesota/
Polk County,0.0,0.0,9247.0,110.0,https://usafacts.org/visualizations/coronavirus-covid-19-spread-map/state/minnesota/
Pope County,0.0,0.0,3354.0,19.0,https://usafacts.org/visualizations/coronavirus-covid-19-spread-map/state/minnesota/
Ramsey County,0.0,0.0,137147.0,1373.0,https://usafacts.org/visualizations/coronavirus-covid-19-spread-map/state/minnesota/
Red Lake County,0.0,0.0,962.0,13.0,https://usafacts.org/visualizations/coronavirus-covid-19-spread-map/state/minnesota/
Redwood County,0.0,0.0,4112.0,54.0,https://usafacts.org/visualizations/coronavirus-covid-19-spread-map/state/minnesota/
Renville County,0.0,0.0,3918.0,58.0,https://usafacts.org/visualizations/coronavirus-covid-19-spread-map/state/minnesota/
Rice County,0.0,0.0,18935.0,184.0,https://usafacts.org/visualizations/coronavirus-covid-19-spread-map/state/minnesota/
Rock County,0.0,0.0,2403.0,35.0,https://usafacts.org/visualizations/coronavirus-covid-19-spread-map/state/minnesota/
Roseau County,0.0,0.0,4621.0,45.0,https://usafacts.org/visualizations/coronavirus-covid-19-spread-map/state/minnesota/
Scott County,0.0,0.0,43055.0,266.0,https://usafacts.org/visualizations/coronavirus-covid-19-spread-map/state/minnesota/
Sherburne County,0.0,0.0,28504.0,183.0,https://usafacts.org/visualizations/coronavirus-covid-19-spread-map/state/minnesota/
Sibley County,0.0,0.0,3730.0,25.0,https://usafacts.org/visualizations/coronavirus-covid-19-spread-map/state/minnesota/
St. Louis County,0.0,0.0,51870.0,546.0,https://usafacts.org/visualizations/coronavirus-covid-19-spread-map/state/minnesota/
Stearns County,0.0,0.0,53747.0,373.0,https://usafacts.org/visualizations/coronavirus-covid-19-spread-map/state/minnesota/
Steele County,0.0,0.0,10932.0,63.0,https://usafacts.org/visualizations/coronavirus-covid-19-spread-map/state/minnesota/
Stevens County,0.0,0.0,2831.0,14.0,https://usafacts.org/visualizations/coronavirus-covid-19-spread-map/state/minnesota/
Swift County,0.0,0.0,2382.0,33.0,https://usafacts.org/visualizations/coronavirus-covid-19-spread-map/state/minnesota/
Todd County,0.0,0.0,7137.0,61.0,https://usafacts.org/visualizations/coronavirus-covid-19-spread-map/state/minnesota/
Traverse County,0.0,0.0,893.0,10.0,https://usafacts.org/visualizations/coronavirus-covid-19-spread-map/state/minnesota/
Wabasha County,0.0,0.0,6009.0,19.0,https://usafacts.org/visualizations/coronavirus-covid-19-spread-map/state/minnesota/
Wadena County,0.0,0.0,4429.0,58.0,https://usafacts.org/visualizations/coronavirus-covid-19-spread-map/state/minnesota/
Waseca County,0.0,0.0,5768.0,39.0,https://usafacts.org/visualizations/coronavirus-covid-19-spread-map/state/minnesota/
Washington County,0.0,0.0,72826.0,494.0,https://usafacts.org/visualizations/coronavirus-covid-19-spread-map/state/minnesota/
Watonwan County,0.0,0.0,3062.0,24.0,https://usafacts.org/visualizations/coronavirus-covid-19-spread-map/state/minnesota/
Wilkin County,0.0,0.0,1714.0,22.0,https://usafacts.org/visualizations/coronavirus-covid-19-spread-map/state/minnesota/
Winona County,0.0,0.0,13888.0,74.0,https://usafacts.org/visualizations/coronavirus-covid-19-spread-map/state/minnesota/
Wright County,0.0,0.0,38356.0,306.0,https://usafacts.org/visualizations/coronavirus-covid-19-spread-map/state/minnesota/
Yellow Medicine County,0.0,0.0,2684.0,30.0,https://usafacts.org/visualizations/coronavirus-covid-19-spread-map/state/minnesota/
