County,7-Day Average Cases,7-Day Average Deaths,Total Cases,Total Deaths,State URL
Adams County,0.0,0.0,8703.0,153.0,https://usafacts.org/visualizations/coronavirus-covid-19-spread-map/state/mississippi/
Alcorn County,0.0,0.0,12937.0,177.0,https://usafacts.org/visualizations/coronavirus-covid-19-spread-map/state/mississippi/
Amite County,0.0,0.0,3907.0,71.0,https://usafacts.org/visualizations/coronavirus-covid-19-spread-map/state/mississippi/
Attala County,0.0,0.0,6893.0,126.0,https://usafacts.org/visualizations/coronavirus-covid-19-spread-map/state/mississippi/
Benton County,0.0,0.0,2851.0,51.0,https://usafacts.org/visualizations/coronavirus-covid-19-spread-map/state/mississippi/
Bolivar County,0.0,0.0,11810.0,194.0,https://usafacts.org/visualizations/coronavirus-covid-19-spread-map/state/mississippi/
Calhoun County,0.0,0.0,5626.0,79.0,https://usafacts.org/visualizations/coronavirus-covid-19-spread-map/state/mississippi/
Carroll County,0.0,0.0,3101.0,59.0,https://usafacts.org/visualizations/coronavirus-covid-19-spread-map/state/mississippi/
Chickasaw County,0.0,0.0,7070.0,105.0,https://usafacts.org/visualizations/coronavirus-covid-19-spread-map/state/mississippi/
Choctaw County,0.0,0.0,2932.0,37.0,https://usafacts.org/visualizations/coronavirus-covid-19-spread-map/state/mississippi/
Claiborne County,0.0,0.0,2594.0,50.0,https://usafacts.org/visualizations/coronavirus-covid-19-spread-map/state/mississippi/
Clarke County,0.0,0.0,4913.0,112.0,https://usafacts.org/visualizations/coronavirus-covid-19-spread-map/state/mississippi/
Clay County,0.0,0.0,6279.0,104.0,https://usafacts.org/visualizations/coronavirus-covid-19-spread-map/state/mississippi/
Coahoma County,0.0,0.0,8302.0,139.0,https://usafacts.org/visualizations/coronavirus-covid-19-spread-map/state/mississippi/
Copiah County,0.0,0.0,9350.0,131.0,https://usafacts.org/visualizations/coronavirus-covid-19-spread-map/state/mississippi/
Covington County,0.0,0.0,8790.0,124.0,https://usafacts.org/visualizations/coronavirus-covid-19-spread-map/state/mississippi/
DeSoto County,0.0,0.0,62050.0,595.0,https://usafacts.org/visualizations/coronavirus-covid-19-spread-map/state/mississippi/
Forrest County,0.0,0.0,27776.0,331.0,https://usafacts.org/visualizations/coronavirus-covid-19-spread-map/state/mississippi/
Franklin County,0.0,0.0,2383.0,40.0,https://usafacts.org/visualizations/coronavirus-covid-19-spread-map/state/mississippi/
George County,0.0,0.0,8828.0,92.0,https://usafacts.org/visualizations/coronavirus-covid-19-spread-map/state/mississippi/
Greene County,0.0,0.0,3927.0,61.0,https://usafacts.org/visualizations/coronavirus-covid-19-spread-map/state/mississippi/
Grenada County,0.0,0.0,6500.0,142.0,https://usafacts.org/visualizations/coronavirus-covid-19-spread-map/state/mississippi/
Hancock County,0.0,0.0,15056.0,164.0,https://usafacts.org/visualizations/coronavirus-covid-19-spread-map/state/mississippi/
Harrison County,0.0,0.0,66683.0,720.0,https://usafacts.org/visualizations/coronavirus-covid-19-spread-map/state/mississippi/
Hinds County,0.0,0.0,68889.0,868.0,https://usafacts.org/visualizations/coronavirus-covid-19-spread-map/state/mississippi/
Holmes County,0.0,0.0,5285.0,108.0,https://usafacts.org/visualizations/coronavirus-covid-19-spread-map/state/mississippi/
Humphreys County,0.0,0.0,2440.0,51.0,https://usafacts.org/visualizations/coronavirus-covid-19-spread-map/state/mississippi/
Issaquena County,0.0,0.0,309.0,9.0,https://usafacts.org/visualizations/coronavirus-covid-19-spread-map/state/mississippi/
Itawamba County,0.0,0.0,9554.0,153.0,https://usafacts.org/visualizations/coronavirus-covid-19-spread-map/state/mississippi/
Jackson County,0.0,0.0,46292.0,505.0,https://usafacts.org/visualizations/coronavirus-covid-19-spread-map/state/mississippi/
Jasper County,0.0,0.0,6208.0,86.0,https://usafacts.org/visualizations/coronavirus-covid-19-spread-map/state/mississippi/
Jefferson County,0.0,0.0,1807.0,40.0,https://usafacts.org/visualizations/coronavirus-covid-19-spread-map/state/mississippi/
Jefferson Davis County,0.0,0.0,3709.0,57.0,https://usafacts.org/visualizations/coronavirus-covid-19-spread-map/state/mississippi/
Jones County,0.0,0.0,26729.0,316.0,https://usafacts.org/visualizations/coronavirus-covid-19-spread-map/state/mississippi/
Kemper County,0.0,0.0,2676.0,53.0,https://usafacts.org/visualizations/coronavirus-covid-19-spread-map/state/mississippi/
Lafayette County,0.0,0.0,19058.0,192.0,https://usafacts.org/visualizations/coronavirus-covid-19-spread-map/state/mississippi/
Lamar County,0.0,0.0,22343.0,173.0,https://usafacts.org/visualizations/coronavirus-covid-19-spread-map/state/mississippi/
Lauderdale County,0.0,0.0,22295.0,393.0,https://usafacts.org/visualizations/coronavirus-covid-19-spread-map/state/mississippi/
Lawrence County,0.0,0.0,4587.0,62.0,https://usafacts.org/visualizations/coronavirus-covid-19-spread-map/state/mississippi/
Leake County,0.0,0.0,7755.0,128.0,https://usafacts.org/visualizations/coronavirus-covid-19-spread-map/state/mississippi/
Lee County,0.0,0.0,34499.0,336.0,https://usafacts.org/visualizations/coronavirus-covid-19-spread-map/state/mississippi/
Leflore County,0.0,0.0,8725.0,184.0,https://usafacts.org/visualizations/coronavirus-covid-19-spread-map/state/mississippi/
Lincoln County,0.0,0.0,10578.0,166.0,https://usafacts.org/visualizations/coronavirus-covid-19-spread-map/state/mississippi/
Lowndes County,0.0,0.0,21511.0,259.0,https://usafacts.org/visualizations/coronavirus-covid-19-spread-map/state/mississippi/
Madison County,0.0,0.0,32279.0,357.0,https://usafacts.org/visualizations/coronavirus-covid-19-spread-map/state/mississippi/
Marion County,0.0,0.0,8872.0,155.0,https://usafacts.org/visualizations/coronavirus-covid-19-spread-map/state/mississippi/
Marshall County,0.0,0.0,12159.0,196.0,https://usafacts.org/visualizations/coronavirus-covid-19-spread-map/state/mississippi/
Monroe County,0.0,0.0,13989.0,233.0,https://usafacts.org/visualizations/coronavirus-covid-19-spread-map/state/mississippi/
Montgomery County,0.0,0.0,3730.0,85.0,https://usafacts.org/visualizations/coronavirus-covid-19-spread-map/state/mississippi/
Neshoba County,0.0,0.0,12943.0,248.0,https://usafacts.org/visualizations/coronavirus-covid-19-spread-map/state/mississippi/
Newton County,0.0,0.0,7156.0,108.0,https://usafacts.org/visualizations/coronavirus-covid-19-spread-map/state/mississippi/
Noxubee County,0.0,0.0,3651.0,52.0,https://usafacts.org/visualizations/coronavirus-covid-19-spread-map/state/mississippi/
Oktibbeha County,0.0,0.0,13885.0,173.0,https://usafacts.org/visualizations/coronavirus-covid-19-spread-map/state/mississippi/
Panola County,0.0,0.0,12540.0,183.0,https://usafacts.org/visualizations/coronavirus-covid-19-spread-map/state/mississippi/
Pearl River County,0.0,0.0,17966.0,290.0,https://usafacts.org/visualizations/coronavirus-covid-19-spread-map/state/mississippi/
Perry County,0.0,0.0,3807.0,66.0,https://usafacts.org/visualizations/coronavirus-covid-19-spread-map/state/mississippi/
Pike County,0.0,0.0,12917.0,197.0,https://usafacts.org/visualizations/coronavirus-covid-19-spread-map/state/mississippi/
Pontotoc County,0.0,0.0,12987.0,161.0,https://usafacts.org/visualizations/coronavirus-covid-19-spread-map/state/mississippi/
Prentiss County,0.0,0.0,10393.0,119.0,https://usafacts.org/visualizations/coronavirus-covid-19-spread-map/state/mississippi/
Quitman County,0.0,0.0,1843.0,35.0,https://usafacts.org/visualizations/coronavirus-covid-19-spread-map/state/mississippi/
Rankin County,0.0,0.0,47543.0,533.0,https://usafacts.org/visualizations/coronavirus-covid-19-spread-map/state/mississippi/
Scott County,0.0,0.0,7956.0,123.0,https://usafacts.org/visualizations/coronavirus-covid-19-spread-map/state/mississippi/
Sharkey County,0.0,0.0,1179.0,28.0,https://usafacts.org/visualizations/coronavirus-covid-19-spread-map/state/mississippi/
Simpson County,0.0,0.0,8750.0,164.0,https://usafacts.org/visualizations/coronavirus-covid-19-spread-map/state/mississippi/
Smith County,0.0,0.0,5104.0,72.0,https://usafacts.org/visualizations/coronavirus-covid-19-spread-map/state/mississippi/
Stone County,0.0,0.0,6769.0,82.0,https://usafacts.org/visualizations/coronavirus-covid-19-spread-map/state/mississippi/
Sunflower County,0.0,0.0,7188.0,138.0,https://usafacts.org/visualizations/coronavirus-covid-19-spread-map/state/mississippi/
Tallahatchie County,0.0,0.0,3912.0,72.0,https://usafacts.org/visualizations/coronavirus-covid-19-spread-map/state/mississippi/
Tate County,0.0,0.0,8772.0,161.0,https://usafacts.org/visualizations/coronavirus-covid-19-spread-map/state/mississippi/
Tippah County,0.0,0.0,9010.0,118.0,https://usafacts.org/visualizations/coronavirus-covid-19-spread-map/state/mississippi/
Tishomingo County,0.0,0.0,7816.0,123.0,https://usafacts.org/visualizations/coronavirus-covid-19-spread-map/state/mississippi/
Tunica County,0.0,0.0,3078.0,50.0,https://usafacts.org/visualizations/coronavirus-covid-19-spread-map/state/mississippi/
Union County,0.0,0.0,11785.0,136.0,https://usafacts.org/visualizations/coronavirus-covid-19-spread-map/state/mississippi/
Walthall County,0.0,0.0,4739.0,85.0,https://usafacts.org/visualizations/coronavirus-covid-19-spread-map/state/mississippi/
Warren County,0.0,0.0,12897.0,219.0,https://usafacts.org/visualizations/coronavirus-covid-19-spread-map/state/mississippi/
Washington County,0.0,0.0,13169.0,215.0,https://usafacts.org/visualizations/coronavirus-covid-19-spread-map/state/mississippi/
Wayne County,0.0,0.0,7031.0,92.0,https://usafacts.org/visualizations/coronavirus-covid-19-spread-map/state/mississippi/
Webster County,0.0,0.0,4102.0,76.0,https://usafacts.org/visualizations/coronavirus-covid-19-spread-map/state/mississippi/
Wilkinson County,0.0,0.0,1947.0,47.0,https://usafacts.org/visualizations/coronavirus-covid-19-spread-map/state/mississippi/
Winston County,0.0,0.0,6825.0,105.0,https://usafacts.org/visualizations/coronavirus-covid-19-spread-map/state/mississippi/
Yalobusha County,0.0,0.0,4856.0,63.0,https://usafacts.org/visualizations/coronavirus-covid-19-spread-map/state/mississippi/
Yazoo County,0.0,0.0,10360.0,118.0,https://usafacts.org/visualizations/coronavirus-covid-19-spread-map/state/mississippi/
