County,7-Day Average Cases,7-Day Average Deaths,Total Cases,Total Deaths,State URL
Adams County,0.0,0.0,32070.0,435.0,https://usafacts.org/visualizations/coronavirus-covid-19-spread-map/state/pennsylvania/
Allegheny County,0.0,0.0,344409.0,3933.0,https://usafacts.org/visualizations/coronavirus-covid-19-spread-map/state/pennsylvania/
Armstrong County,0.0,0.1,18592.0,396.0,https://usafacts.org/visualizations/coronavirus-covid-19-spread-map/state/pennsylvania/
Beaver County,0.0,0.0,49883.0,867.0,https://usafacts.org/visualizations/coronavirus-covid-19-spread-map/state/pennsylvania/
Bedford County,0.0,0.0,12924.0,293.0,https://usafacts.org/visualizations/coronavirus-covid-19-spread-map/state/pennsylvania/
Berks County,0.0,0.0,127929.0,1801.0,https://usafacts.org/visualizations/coronavirus-covid-19-spread-map/state/pennsylvania/
Blair County,0.0,0.1,35550.0,698.0,https://usafacts.org/visualizations/coronavirus-covid-19-spread-map/state/pennsylvania/
Bradford County,0.0,0.0,21012.0,238.0,https://usafacts.org/visualizations/coronavirus-covid-19-spread-map/state/pennsylvania/
Bucks County,0.0,0.1,157915.0,2208.0,https://usafacts.org/visualizations/coronavirus-covid-19-spread-map/state/pennsylvania/
Butler County,0.0,0.4,55923.0,861.0,https://usafacts.org/visualizations/coronavirus-covid-19-spread-map/state/pennsylvania/
Cambria County,0.0,0.0,44054.0,827.0,https://usafacts.org/visualizations/coronavirus-covid-19-spread-map/state/pennsylvania/
Cameron County,0.0,0.0,1061.0,23.0,https://usafacts.org/visualizations/coronavirus-covid-19-spread-map/state/pennsylvania/
Carbon County,0.0,0.0,20414.0,357.0,https://usafacts.org/visualizations/coronavirus-covid-19-spread-map/state/pennsylvania/
Centre County,0.0,0.0,44778.0,409.0,https://usafacts.org/visualizations/coronavirus-covid-19-spread-map/state/pennsylvania/
Chester County,0.0,0.0,118990.0,1362.0,https://usafacts.org/visualizations/coronavirus-covid-19-spread-map/state/pennsylvania/
Clarion County,0.0,0.0,10017.0,224.0,https://usafacts.org/visualizations/coronavirus-covid-19-spread-map/state/pennsylvania/
Clearfield County,0.0,0.0,24791.0,402.0,https://usafacts.org/visualizations/coronavirus-covid-19-spread-map/state/pennsylvania/
Clinton County,0.0,0.0,11313.0,143.0,https://usafacts.org/visualizations/coronavirus-covid-19-spread-map/state/pennsylvania/
Columbia County,0.0,0.0,19901.0,280.0,https://usafacts.org/visualizations/coronavirus-covid-19-spread-map/state/pennsylvania/
Crawford County,0.0,0.0,25332.0,373.0,https://usafacts.org/visualizations/coronavirus-covid-19-spread-map/state/pennsylvania/
Cumberland County,0.0,0.0,64028.0,985.0,https://usafacts.org/visualizations/coronavirus-covid-19-spread-map/state/pennsylvania/
Dauphin County,0.0,0.0,73524.0,1097.0,https://usafacts.org/visualizations/coronavirus-covid-19-spread-map/state/pennsylvania/
Delaware County,0.0,0.0,143205.0,2112.0,https://usafacts.org/visualizations/coronavirus-covid-19-spread-map/state/pennsylvania/
Elk County,0.0,0.0,8729.0,127.0,https://usafacts.org/visualizations/coronavirus-covid-19-spread-map/state/pennsylvania/
Erie County,0.0,0.0,73270.0,917.0,https://usafacts.org/visualizations/coronavirus-covid-19-spread-map/state/pennsylvania/
Fayette County,0.0,0.0,39659.0,776.0,https://usafacts.org/visualizations/coronavirus-covid-19-spread-map/state/pennsylvania/
Forest County,0.0,0.0,2566.0,35.0,https://usafacts.org/visualizations/coronavirus-covid-19-spread-map/state/pennsylvania/
Franklin County,0.0,0.0,52066.0,827.0,https://usafacts.org/visualizations/coronavirus-covid-19-spread-map/state/pennsylvania/
Fulton County,0.0,0.0,5120.0,73.0,https://usafacts.org/visualizations/coronavirus-covid-19-spread-map/state/pennsylvania/
Greene County,0.0,0.0,10845.0,122.0,https://usafacts.org/visualizations/coronavirus-covid-19-spread-map/state/pennsylvania/
Huntingdon County,0.0,0.0,14009.0,285.0,https://usafacts.org/visualizations/coronavirus-covid-19-spread-map/state/pennsylvania/
Indiana County,0.0,0.0,22193.0,402.0,https://usafacts.org/visualizations/coronavirus-covid-19-spread-map/state/pennsylvania/
Jefferson County,0.0,0.1,11438.0,273.0,https://usafacts.org/visualizations/coronavirus-covid-19-spread-map/state/pennsylvania/
Juniata County,0.0,0.0,5812.0,195.0,https://usafacts.org/visualizations/coronavirus-covid-19-spread-map/state/pennsylvania/
Lackawanna County,0.0,0.1,59780.0,933.0,https://usafacts.org/visualizations/coronavirus-covid-19-spread-map/state/pennsylvania/
Lancaster County,0.0,0.0,152441.0,2115.0,https://usafacts.org/visualizations/coronavirus-covid-19-spread-map/state/pennsylvania/
Lawrence County,0.0,0.0,23494.0,474.0,https://usafacts.org/visualizations/coronavirus-covid-19-spread-map/state/pennsylvania/
Lebanon County,0.0,0.1,46128.0,581.0,https://usafacts.org/visualizations/coronavirus-covid-19-spread-map/state/pennsylvania/
Lehigh County,0.0,0.1,112605.0,1425.0,https://usafacts.org/visualizations/coronavirus-covid-19-spread-map/state/pennsylvania/
Luzerne County,0.0,0.0,95768.0,1622.0,https://usafacts.org/visualizations/coronavirus-covid-19-spread-map/state/pennsylvania/
Lycoming County,0.0,0.0,35435.0,600.0,https://usafacts.org/visualizations/coronavirus-covid-19-spread-map/state/pennsylvania/
McKean County,0.0,0.0,9916.0,182.0,https://usafacts.org/visualizations/coronavirus-covid-19-spread-map/state/pennsylvania/
Mercer County,0.0,0.0,28799.0,553.0,https://usafacts.org/visualizations/coronavirus-covid-19-spread-map/state/pennsylvania/
Mifflin County,0.0,0.0,15330.0,307.0,https://usafacts.org/visualizations/coronavirus-covid-19-spread-map/state/pennsylvania/
Monroe County,0.0,0.0,48626.0,604.0,https://usafacts.org/visualizations/coronavirus-covid-19-spread-map/state/pennsylvania/
Montgomery County,0.0,0.1,202154.0,2711.0,https://usafacts.org/visualizations/coronavirus-covid-19-spread-map/state/pennsylvania/
Montour County,0.0,0.0,6066.0,99.0,https://usafacts.org/visualizations/coronavirus-covid-19-spread-map/state/pennsylvania/
Northampton County,0.0,0.0,101056.0,1271.0,https://usafacts.org/visualizations/coronavirus-covid-19-spread-map/state/pennsylvania/
Northumberland County,0.0,0.0,29038.0,603.0,https://usafacts.org/visualizations/coronavirus-covid-19-spread-map/state/pennsylvania/
Perry County,0.0,0.0,10621.0,200.0,https://usafacts.org/visualizations/coronavirus-covid-19-spread-map/state/pennsylvania/
Philadelphia County,0.0,0.4,397762.0,5627.0,https://usafacts.org/visualizations/coronavirus-covid-19-spread-map/state/pennsylvania/
Pike County,0.0,0.0,13643.0,114.0,https://usafacts.org/visualizations/coronavirus-covid-19-spread-map/state/pennsylvania/
Potter County,0.0,0.0,3933.0,105.0,https://usafacts.org/visualizations/coronavirus-covid-19-spread-map/state/pennsylvania/
Schuylkill County,0.0,0.0,43055.0,774.0,https://usafacts.org/visualizations/coronavirus-covid-19-spread-map/state/pennsylvania/
Snyder County,0.0,0.1,9883.0,172.0,https://usafacts.org/visualizations/coronavirus-covid-19-spread-map/state/pennsylvania/
Somerset County,0.0,0.0,22526.0,448.0,https://usafacts.org/visualizations/coronavirus-covid-19-spread-map/state/pennsylvania/
Sullivan County,0.0,0.0,1402.0,38.0,https://usafacts.org/visualizations/coronavirus-covid-19-spread-map/state/pennsylvania/
Susquehanna County,0.0,0.0,10279.0,138.0,https://usafacts.org/visualizations/coronavirus-covid-19-spread-map/state/pennsylvania/
Tioga County,0.0,0.0,10337.0,231.0,https://usafacts.org/visualizations/coronavirus-covid-19-spread-map/state/pennsylvania/
Union County,0.0,0.0,13653.0,160.0,https://usafacts.org/visualizations/coronavirus-covid-19-spread-map/state/pennsylvania/
Venango County,0.0,0.0,14063.0,280.0,https://usafacts.org/visualizations/coronavirus-covid-19-spread-map/state/pennsylvania/
Warren County,0.0,0.0,9931.0,254.0,https://usafacts.org/visualizations/coronavirus-covid-19-spread-map/state/pennsylvania/
Washington County,0.0,0.1,64291.0,748.0,https://usafacts.org/visualizations/coronavirus-covid-19-spread-map/state/pennsylvania/
Wayne County,0.0,0.0,13514.0,206.0,https://usafacts.org/visualizations/coronavirus-covid-19-spread-map/state/pennsylvania/
Westmoreland County,0.0,0.1,100561.0,1595.0,https://usafacts.org/visualizations/coronavirus-covid-19-spread-map/state/pennsylvania/
Wyoming County,0.0,0.0,6625.0,123.0,https://usafacts.org/visualizations/coronavirus-covid-19-spread-map/state/pennsylvania/
York County,0.0,0.1,149241.0,1695.0,https://usafacts.org/visualizations/coronavirus-covid-19-spread-map/state/pennsylvania/
