County,7-Day Average Cases,7-Day Average Deaths,Total Cases,Total Deaths,State URL
Aurora County,0.0,0.0,905.0,18.0,https://usafacts.org/visualizations/coronavirus-covid-19-spread-map/state/south-dakota/
Beadle County,0.0,0.0,5705.0,65.0,https://usafacts.org/visualizations/coronavirus-covid-19-spread-map/state/south-dakota/
Bennett County,0.0,0.0,954.0,16.0,https://usafacts.org/visualizations/coronavirus-covid-19-spread-map/state/south-dakota/
Bon Homme County,0.0,0.0,2635.0,43.0,https://usafacts.org/visualizations/coronavirus-covid-19-spread-map/state/south-dakota/
Brookings County,0.0,0.0,9602.0,67.0,https://usafacts.org/visualizations/coronavirus-covid-19-spread-map/state/south-dakota/
Brown County,0.0,0.0,12345.0,140.0,https://usafacts.org/visualizations/coronavirus-covid-19-spread-map/state/south-dakota/
Brule County,0.0,0.0,1700.0,27.0,https://usafacts.org/visualizations/coronavirus-covid-19-spread-map/state/south-dakota/
Buffalo County,0.0,0.0,697.0,19.0,https://usafacts.org/visualizations/coronavirus-covid-19-spread-map/state/south-dakota/
Butte County,0.0,0.0,3288.0,49.0,https://usafacts.org/visualizations/coronavirus-covid-19-spread-map/state/south-dakota/
Campbell County,0.0,0.0,309.0,7.0,https://usafacts.org/visualizations/coronavirus-covid-19-spread-map/state/south-dakota/
Charles Mix County,0.0,0.0,3814.0,39.0,https://usafacts.org/visualizations/coronavirus-covid-19-spread-map/state/south-dakota/
Clark County,0.0,0.0,1002.0,12.0,https://usafacts.org/visualizations/coronavirus-covid-19-spread-map/state/south-dakota/
Clay County,0.0,0.0,3992.0,28.0,https://usafacts.org/visualizations/coronavirus-covid-19-spread-map/state/south-dakota/
Codington County,0.0,0.0,10854.0,109.0,https://usafacts.org/visualizations/coronavirus-covid-19-spread-map/state/south-dakota/
Corson County,0.0,0.0,1224.0,18.0,https://usafacts.org/visualizations/coronavirus-covid-19-spread-map/state/south-dakota/
Custer County,0.0,0.0,2527.0,29.0,https://usafacts.org/visualizations/coronavirus-covid-19-spread-map/state/south-dakota/
Davison County,0.0,0.0,7200.0,89.0,https://usafacts.org/visualizations/coronavirus-covid-19-spread-map/state/south-dakota/
Day County,0.0,0.0,1553.0,43.0,https://usafacts.org/visualizations/coronavirus-covid-19-spread-map/state/south-dakota/
Deuel County,0.0,0.0,1208.0,12.0,https://usafacts.org/visualizations/coronavirus-covid-19-spread-map/state/south-dakota/
Dewey County,0.0,0.0,3519.0,47.0,https://usafacts.org/visualizations/coronavirus-covid-19-spread-map/state/south-dakota/
Douglas County,0.0,0.0,855.0,16.0,https://usafacts.org/visualizations/coronavirus-covid-19-spread-map/state/south-dakota/
Edmunds County,0.0,0.0,1080.0,17.0,https://usafacts.org/visualizations/coronavirus-covid-19-spread-map/state/south-dakota/
Fall River County,0.0,0.0,2542.0,44.0,https://usafacts.org/visualizations/coronavirus-covid-19-spread-map/state/south-dakota/
Faulk County,0.0,0.0,721.0,17.0,https://usafacts.org/visualizations/coronavirus-covid-19-spread-map/state/south-dakota/
Grant County,0.0,0.0,2470.0,55.0,https://usafacts.org/visualizations/coronavirus-covid-19-spread-map/state/south-dakota/
Gregory County,0.0,0.0,1236.0,34.0,https://usafacts.org/visualizations/coronavirus-covid-19-spread-map/state/south-dakota/
Haakon County,0.0,0.0,539.0,12.0,https://usafacts.org/visualizations/coronavirus-covid-19-spread-map/state/south-dakota/
Hamlin County,0.0,0.0,1831.0,42.0,https://usafacts.org/visualizations/coronavirus-covid-19-spread-map/state/south-dakota/
Hand County,0.0,0.0,697.0,14.0,https://usafacts.org/visualizations/coronavirus-covid-19-spread-map/state/south-dakota/
Hanson County,0.0,0.0,743.0,6.0,https://usafacts.org/visualizations/coronavirus-covid-19-spread-map/state/south-dakota/
Harding County,0.0,0.0,222.0,3.0,https://usafacts.org/visualizations/coronavirus-covid-19-spread-map/state/south-dakota/
Hughes County,0.0,0.0,5189.0,63.0,https://usafacts.org/visualizations/coronavirus-covid-19-spread-map/state/south-dakota/
Hutchinson County,0.0,0.0,2080.0,39.0,https://usafacts.org/visualizations/coronavirus-covid-19-spread-map/state/south-dakota/
Hyde County,0.0,0.0,391.0,9.0,https://usafacts.org/visualizations/coronavirus-covid-19-spread-map/state/south-dakota/
Jackson County,0.0,0.0,759.0,23.0,https://usafacts.org/visualizations/coronavirus-covid-19-spread-map/state/south-dakota/
Jerauld County,0.0,0.0,513.0,20.0,https://usafacts.org/visualizations/coronavirus-covid-19-spread-map/state/south-dakota/
Jones County,0.0,0.0,195.0,2.0,https://usafacts.org/visualizations/coronavirus-covid-19-spread-map/state/south-dakota/
Kingsbury County,0.0,0.0,1596.0,29.0,https://usafacts.org/visualizations/coronavirus-covid-19-spread-map/state/south-dakota/
Lake County,0.0,0.0,2729.0,31.0,https://usafacts.org/visualizations/coronavirus-covid-19-spread-map/state/south-dakota/
Lawrence County,0.0,0.0,7933.0,91.0,https://usafacts.org/visualizations/coronavirus-covid-19-spread-map/state/south-dakota/
Lincoln County,0.0,0.0,17706.0,116.0,https://usafacts.org/visualizations/coronavirus-covid-19-spread-map/state/south-dakota/
Lyman County,0.0,0.0,1440.0,14.0,https://usafacts.org/visualizations/coronavirus-covid-19-spread-map/state/south-dakota/
Marshall County,0.0,0.0,965.0,15.0,https://usafacts.org/visualizations/coronavirus-covid-19-spread-map/state/south-dakota/
McCook County,0.0,0.0,1525.0,33.0,https://usafacts.org/visualizations/coronavirus-covid-19-spread-map/state/south-dakota/
McPherson County,0.0,0.0,535.0,16.0,https://usafacts.org/visualizations/coronavirus-covid-19-spread-map/state/south-dakota/
Meade County,0.0,0.0,8497.0,68.0,https://usafacts.org/visualizations/coronavirus-covid-19-spread-map/state/south-dakota/
Mellette County,0.0,0.0,666.0,8.0,https://usafacts.org/visualizations/coronavirus-covid-19-spread-map/state/south-dakota/
Miner County,0.0,0.0,543.0,15.0,https://usafacts.org/visualizations/coronavirus-covid-19-spread-map/state/south-dakota/
Minnehaha County,0.0,0.0,65998.0,575.0,https://usafacts.org/visualizations/coronavirus-covid-19-spread-map/state/south-dakota/
Moody County,0.0,0.0,1706.0,30.0,https://usafacts.org/visualizations/coronavirus-covid-19-spread-map/state/south-dakota/
Oglala Lakota County,0.0,0.0,5193.0,62.0,https://usafacts.org/visualizations/coronavirus-covid-19-spread-map/state/south-dakota/
Pennington County,0.0,0.0,39370.0,384.0,https://usafacts.org/visualizations/coronavirus-covid-19-spread-map/state/south-dakota/
Perkins County,0.0,0.0,832.0,19.0,https://usafacts.org/visualizations/coronavirus-covid-19-spread-map/state/south-dakota/
Potter County,0.0,0.0,819.0,10.0,https://usafacts.org/visualizations/coronavirus-covid-19-spread-map/state/south-dakota/
Roberts County,0.0,0.0,2899.0,57.0,https://usafacts.org/visualizations/coronavirus-covid-19-spread-map/state/south-dakota/
Sanborn County,0.0,0.0,720.0,9.0,https://usafacts.org/visualizations/coronavirus-covid-19-spread-map/state/south-dakota/
Spink County,0.0,0.0,1737.0,40.0,https://usafacts.org/visualizations/coronavirus-covid-19-spread-map/state/south-dakota/
Stanley County,0.0,0.0,740.0,9.0,https://usafacts.org/visualizations/coronavirus-covid-19-spread-map/state/south-dakota/
Sully County,0.0,0.0,269.0,3.0,https://usafacts.org/visualizations/coronavirus-covid-19-spread-map/state/south-dakota/
Todd County,0.0,0.0,3987.0,53.0,https://usafacts.org/visualizations/coronavirus-covid-19-spread-map/state/south-dakota/
Tripp County,0.0,0.0,1742.0,31.0,https://usafacts.org/visualizations/coronavirus-covid-19-spread-map/state/south-dakota/
Turner County,0.0,0.0,2314.0,73.0,https://usafacts.org/visualizations/coronavirus-covid-19-spread-map/state/south-dakota/
Union County,0.0,0.0,4411.0,56.0,https://usafacts.org/visualizations/coronavirus-covid-19-spread-map/state/south-dakota/
Walworth County,0.0,0.0,1546.0,28.0,https://usafacts.org/visualizations/coronavirus-covid-19-spread-map/state/south-dakota/
Yankton County,0.0,0.0,7098.0,65.0,https://usafacts.org/visualizations/coronavirus-covid-19-spread-map/state/south-dakota/
Ziebach County,0.0,0.0,730.0,12.0,https://usafacts.org/visualizations/coronavirus-covid-19-spread-map/state/south-dakota/
