County,7-Day Average Cases,7-Day Average Deaths,Total Cases,Total Deaths,State URL
Anderson County,0.0,0.0,22095.0,334.0,https://usafacts.org/visualizations/coronavirus-covid-19-spread-map/state/tennessee/
Bedford County,0.0,0.0,14961.0,236.0,https://usafacts.org/visualizations/coronavirus-covid-19-spread-map/state/tennessee/
Benton County,0.0,0.0,4515.0,92.0,https://usafacts.org/visualizations/coronavirus-covid-19-spread-map/state/tennessee/
Bledsoe County,0.0,0.0,4661.0,57.0,https://usafacts.org/visualizations/coronavirus-covid-19-spread-map/state/tennessee/
Blount County,0.0,0.0,39149.0,436.0,https://usafacts.org/visualizations/coronavirus-covid-19-spread-map/state/tennessee/
Bradley County,0.0,0.0,33143.0,415.0,https://usafacts.org/visualizations/coronavirus-covid-19-spread-map/state/tennessee/
Campbell County,0.0,0.0,12231.0,167.0,https://usafacts.org/visualizations/coronavirus-covid-19-spread-map/state/tennessee/
Cannon County,0.0,0.0,4202.0,63.0,https://usafacts.org/visualizations/coronavirus-covid-19-spread-map/state/tennessee/
Carroll County,0.0,0.0,8957.0,156.0,https://usafacts.org/visualizations/coronavirus-covid-19-spread-map/state/tennessee/
Carter County,0.0,0.0,16491.0,335.0,https://usafacts.org/visualizations/coronavirus-covid-19-spread-map/state/tennessee/
Cheatham County,0.0,0.0,10913.0,119.0,https://usafacts.org/visualizations/coronavirus-covid-19-spread-map/state/tennessee/
Chester County,0.0,0.0,5848.0,97.0,https://usafacts.org/visualizations/coronavirus-covid-19-spread-map/state/tennessee/
Claiborne County,0.0,0.0,9105.0,178.0,https://usafacts.org/visualizations/coronavirus-covid-19-spread-map/state/tennessee/
Clay County,0.0,0.0,2293.0,50.0,https://usafacts.org/visualizations/coronavirus-covid-19-spread-map/state/tennessee/
Cocke County,0.0,0.0,11586.0,216.0,https://usafacts.org/visualizations/coronavirus-covid-19-spread-map/state/tennessee/
Coffee County,0.0,0.0,16947.0,267.0,https://usafacts.org/visualizations/coronavirus-covid-19-spread-map/state/tennessee/
Crockett County,0.0,0.0,5183.0,85.0,https://usafacts.org/visualizations/coronavirus-covid-19-spread-map/state/tennessee/
Cumberland County,0.0,0.0,16112.0,326.0,https://usafacts.org/visualizations/coronavirus-covid-19-spread-map/state/tennessee/
Davidson County,0.0,0.0,192129.0,1670.0,https://usafacts.org/visualizations/coronavirus-covid-19-spread-map/state/tennessee/
DeKalb County,0.0,0.0,6279.0,101.0,https://usafacts.org/visualizations/coronavirus-covid-19-spread-map/state/tennessee/
Decatur County,0.0,0.0,3732.0,70.0,https://usafacts.org/visualizations/coronavirus-covid-19-spread-map/state/tennessee/
Dickson County,0.0,0.0,15889.0,245.0,https://usafacts.org/visualizations/coronavirus-covid-19-spread-map/state/tennessee/
Dyer County,0.0,0.0,12797.0,201.0,https://usafacts.org/visualizations/coronavirus-covid-19-spread-map/state/tennessee/
Fayette County,0.0,0.0,11430.0,185.0,https://usafacts.org/visualizations/coronavirus-covid-19-spread-map/state/tennessee/
Fentress County,0.0,0.0,5699.0,128.0,https://usafacts.org/visualizations/coronavirus-covid-19-spread-map/state/tennessee/
Franklin County,0.0,0.0,12867.0,183.0,https://usafacts.org/visualizations/coronavirus-covid-19-spread-map/state/tennessee/
Gibson County,0.0,0.0,17415.0,259.0,https://usafacts.org/visualizations/coronavirus-covid-19-spread-map/state/tennessee/
Giles County,0.0,0.0,9412.0,190.0,https://usafacts.org/visualizations/coronavirus-covid-19-spread-map/state/tennessee/
Grainger County,0.0,0.0,6780.0,109.0,https://usafacts.org/visualizations/coronavirus-covid-19-spread-map/state/tennessee/
Greene County,0.0,0.0,22066.0,372.0,https://usafacts.org/visualizations/coronavirus-covid-19-spread-map/state/tennessee/
Grundy County,0.0,0.0,3986.0,73.0,https://usafacts.org/visualizations/coronavirus-covid-19-spread-map/state/tennessee/
Hamblen County,0.0,0.0,19709.0,353.0,https://usafacts.org/visualizations/coronavirus-covid-19-spread-map/state/tennessee/
Hamilton County,0.0,0.0,100018.0,1144.0,https://usafacts.org/visualizations/coronavirus-covid-19-spread-map/state/tennessee/
Hancock County,0.0,0.0,2011.0,36.0,https://usafacts.org/visualizations/coronavirus-covid-19-spread-map/state/tennessee/
Hardeman County,0.0,0.0,7595.0,116.0,https://usafacts.org/visualizations/coronavirus-covid-19-spread-map/state/tennessee/
Hardin County,0.0,0.0,8751.0,145.0,https://usafacts.org/visualizations/coronavirus-covid-19-spread-map/state/tennessee/
Hawkins County,0.0,0.0,16663.0,321.0,https://usafacts.org/visualizations/coronavirus-covid-19-spread-map/state/tennessee/
Haywood County,0.0,0.0,6179.0,102.0,https://usafacts.org/visualizations/coronavirus-covid-19-spread-map/state/tennessee/
Henderson County,0.0,0.0,9131.0,159.0,https://usafacts.org/visualizations/coronavirus-covid-19-spread-map/state/tennessee/
Henry County,0.0,0.0,8268.0,161.0,https://usafacts.org/visualizations/coronavirus-covid-19-spread-map/state/tennessee/
Hickman County,0.0,0.0,6831.0,110.0,https://usafacts.org/visualizations/coronavirus-covid-19-spread-map/state/tennessee/
Houston County,0.0,0.0,2678.0,61.0,https://usafacts.org/visualizations/coronavirus-covid-19-spread-map/state/tennessee/
Humphreys County,0.0,0.0,4841.0,74.0,https://usafacts.org/visualizations/coronavirus-covid-19-spread-map/state/tennessee/
Jackson County,0.0,0.0,3205.0,63.0,https://usafacts.org/visualizations/coronavirus-covid-19-spread-map/state/tennessee/
Jefferson County,0.0,0.0,15724.0,264.0,https://usafacts.org/visualizations/coronavirus-covid-19-spread-map/state/tennessee/
Johnson County,0.0,0.0,5167.0,93.0,https://usafacts.org/visualizations/coronavirus-covid-19-spread-map/state/tennessee/
Knox County,0.0,0.0,127636.0,1377.0,https://usafacts.org/visualizations/coronavirus-covid-19-spread-map/state/tennessee/
Lake County,0.0,0.0,2747.0,43.0,https://usafacts.org/visualizations/coronavirus-covid-19-spread-map/state/tennessee/
Lauderdale County,0.0,0.0,7743.0,105.0,https://usafacts.org/visualizations/coronavirus-covid-19-spread-map/state/tennessee/
Lawrence County,0.0,0.0,14295.0,202.0,https://usafacts.org/visualizations/coronavirus-covid-19-spread-map/state/tennessee/
Lewis County,0.0,0.0,3570.0,60.0,https://usafacts.org/visualizations/coronavirus-covid-19-spread-map/state/tennessee/
Lincoln County,0.0,0.0,9980.0,170.0,https://usafacts.org/visualizations/coronavirus-covid-19-spread-map/state/tennessee/
Loudon County,0.0,0.0,14496.0,192.0,https://usafacts.org/visualizations/coronavirus-covid-19-spread-map/state/tennessee/
Macon County,0.0,0.0,8447.0,145.0,https://usafacts.org/visualizations/coronavirus-covid-19-spread-map/state/tennessee/
Madison County,0.0,0.0,30025.0,426.0,https://usafacts.org/visualizations/coronavirus-covid-19-spread-map/state/tennessee/
Marion County,0.0,0.0,8857.0,131.0,https://usafacts.org/visualizations/coronavirus-covid-19-spread-map/state/tennessee/
Marshall County,0.0,0.0,10369.0,124.0,https://usafacts.org/visualizations/coronavirus-covid-19-spread-map/state/tennessee/
Maury County,0.0,0.0,29020.0,344.0,https://usafacts.org/visualizations/coronavirus-covid-19-spread-map/state/tennessee/
McMinn County,0.0,0.0,16680.0,260.0,https://usafacts.org/visualizations/coronavirus-covid-19-spread-map/state/tennessee/
McNairy County,0.0,0.0,7651.0,120.0,https://usafacts.org/visualizations/coronavirus-covid-19-spread-map/state/tennessee/
Meigs County,0.0,0.0,3390.0,57.0,https://usafacts.org/visualizations/coronavirus-covid-19-spread-map/state/tennessee/
Monroe County,0.0,0.0,14591.0,243.0,https://usafacts.org/visualizations/coronavirus-covid-19-spread-map/state/tennessee/
Montgomery County,0.0,0.0,50256.0,576.0,https://usafacts.org/visualizations/coronavirus-covid-19-spread-map/state/tennessee/
Moore County,0.0,0.0,2238.0,40.0,https://usafacts.org/visualizations/coronavirus-covid-19-spread-map/state/tennessee/
Morgan County,0.0,0.0,6190.0,86.0,https://usafacts.org/visualizations/coronavirus-covid-19-spread-map/state/tennessee/
Obion County,0.0,0.0,10765.0,194.0,https://usafacts.org/visualizations/coronavirus-covid-19-spread-map/state/tennessee/
Overton County,0.0,0.0,7142.0,123.0,https://usafacts.org/visualizations/coronavirus-covid-19-spread-map/state/tennessee/
Perry County,0.0,0.0,2329.0,56.0,https://usafacts.org/visualizations/coronavirus-covid-19-spread-map/state/tennessee/
Pickett County,0.0,0.0,1768.0,36.0,https://usafacts.org/visualizations/coronavirus-covid-19-spread-map/state/tennessee/
Polk County,0.0,0.0,4735.0,74.0,https://usafacts.org/visualizations/coronavirus-covid-19-spread-map/state/tennessee/
Putnam County,0.0,0.0,25114.0,304.0,https://usafacts.org/visualizations/coronavirus-covid-19-spread-map/state/tennessee/
Rhea County,0.0,0.0,9981.0,160.0,https://usafacts.org/visualizations/coronavirus-covid-19-spread-map/state/tennessee/
Roane County,0.0,0.0,15794.0,233.0,https://usafacts.org/visualizations/coronavirus-covid-19-spread-map/state/tennessee/
Robertson County,0.0,0.0,21555.0,302.0,https://usafacts.org/visualizations/coronavirus-covid-19-spread-map/state/tennessee/
Rutherford County,0.0,0.0,95804.0,900.0,https://usafacts.org/visualizations/coronavirus-covid-19-spread-map/state/tennessee/
Scott County,0.0,0.0,9040.0,117.0,https://usafacts.org/visualizations/coronavirus-covid-19-spread-map/state/tennessee/
Sequatchie County,0.0,0.0,4218.0,68.0,https://usafacts.org/visualizations/coronavirus-covid-19-spread-map/state/tennessee/
Sevier County,0.0,0.0,30322.0,415.0,https://usafacts.org/visualizations/coronavirus-covid-19-spread-map/state/tennessee/
Shelby County,0.0,0.0,235846.0,3299.0,https://usafacts.org/visualizations/coronavirus-covid-19-spread-map/state/tennessee/
Smith County,0.0,0.0,6163.0,84.0,https://usafacts.org/visualizations/coronavirus-covid-19-spread-map/state/tennessee/
Stewart County,0.0,0.0,3288.0,59.0,https://usafacts.org/visualizations/coronavirus-covid-19-spread-map/state/tennessee/
Sullivan County,0.0,0.0,45881.0,719.0,https://usafacts.org/visualizations/coronavirus-covid-19-spread-map/state/tennessee/
Sumner County,0.0,0.0,53214.0,727.0,https://usafacts.org/visualizations/coronavirus-covid-19-spread-map/state/tennessee/
Tipton County,0.0,0.0,17622.0,234.0,https://usafacts.org/visualizations/coronavirus-covid-19-spread-map/state/tennessee/
Trousdale County,0.0,0.0,4228.0,45.0,https://usafacts.org/visualizations/coronavirus-covid-19-spread-map/state/tennessee/
Unicoi County,0.0,0.0,5176.0,96.0,https://usafacts.org/visualizations/coronavirus-covid-19-spread-map/state/tennessee/
Union County,0.0,0.0,5399.0,75.0,https://usafacts.org/visualizations/coronavirus-covid-19-spread-map/state/tennessee/
Van Buren County,0.0,0.0,1848.0,48.0,https://usafacts.org/visualizations/coronavirus-covid-19-spread-map/state/tennessee/
Warren County,0.0,0.0,12998.0,176.0,https://usafacts.org/visualizations/coronavirus-covid-19-spread-map/state/tennessee/
Washington County,0.0,0.0,38629.0,493.0,https://usafacts.org/visualizations/coronavirus-covid-19-spread-map/state/tennessee/
Wayne County,0.0,0.0,5695.0,70.0,https://usafacts.org/visualizations/coronavirus-covid-19-spread-map/state/tennessee/
Weakley County,0.0,0.0,9525.0,151.0,https://usafacts.org/visualizations/coronavirus-covid-19-spread-map/state/tennessee/
White County,0.0,0.0,8229.0,129.0,https://usafacts.org/visualizations/coronavirus-covid-19-spread-map/state/tennessee/
Williamson County,0.0,0.0,62187.0,404.0,https://usafacts.org/visualizations/coronavirus-covid-19-spread-map/state/tennessee/
Wilson County,0.0,0.0,41683.0,483.0,https://usafacts.org/visualizations/coronavirus-covid-19-spread-map/state/tennessee/
