County,7-Day Average Cases,7-Day Average Deaths,Total Cases,Total Deaths,State URL
Barbour County,0.0,0.0,5960.0,77.0,https://usafacts.org/visualizations/coronavirus-covid-19-spread-map/state/west-virginia/
Berkeley County,0.0,0.0,45049.0,346.0,https://usafacts.org/visualizations/coronavirus-covid-19-spread-map/state/west-virginia/
Boone County,0.0,0.0,8678.0,102.0,https://usafacts.org/visualizations/coronavirus-covid-19-spread-map/state/west-virginia/
Braxton County,0.0,0.0,4979.0,52.0,https://usafacts.org/visualizations/coronavirus-covid-19-spread-map/state/west-virginia/
Brooke County,0.0,0.0,6281.0,111.0,https://usafacts.org/visualizations/coronavirus-covid-19-spread-map/state/west-virginia/
Cabell County,0.0,0.0,33871.0,442.0,https://usafacts.org/visualizations/coronavirus-covid-19-spread-map/state/west-virginia/
Calhoun County,0.0,0.0,2262.0,15.0,https://usafacts.org/visualizations/coronavirus-covid-19-spread-map/state/west-virginia/
Clay County,0.0,0.0,2711.0,54.0,https://usafacts.org/visualizations/coronavirus-covid-19-spread-map/state/west-virginia/
Doddridge County,0.0,0.0,2501.0,20.0,https://usafacts.org/visualizations/coronavirus-covid-19-spread-map/state/west-virginia/
Fayette County,0.0,0.0,16707.0,235.0,https://usafacts.org/visualizations/coronavirus-covid-19-spread-map/state/west-virginia/
Gilmer County,0.0,0.0,2537.0,23.0,https://usafacts.org/visualizations/coronavirus-covid-19-spread-map/state/west-virginia/
Grant County,0.0,0.0,4799.0,61.0,https://usafacts.org/visualizations/coronavirus-covid-19-spread-map/state/west-virginia/
Greenbrier County,0.0,0.0,12850.0,184.0,https://usafacts.org/visualizations/coronavirus-covid-19-spread-map/state/west-virginia/
Hampshire County,0.0,0.0,7299.0,75.0,https://usafacts.org/visualizations/coronavirus-covid-19-spread-map/state/west-virginia/
Hancock County,0.0,0.0,8355.0,152.0,https://usafacts.org/visualizations/coronavirus-covid-19-spread-map/state/west-virginia/
Hardy County,0.0,0.0,5710.0,52.0,https://usafacts.org/visualizations/coronavirus-covid-19-spread-map/state/west-virginia/
Harrison County,0.0,0.0,25992.0,290.0,https://usafacts.org/visualizations/coronavirus-covid-19-spread-map/state/west-virginia/
Jackson County,0.0,0.0,8770.0,159.0,https://usafacts.org/visualizations/coronavirus-covid-19-spread-map/state/west-virginia/
Jefferson County,0.0,0.0,18335.0,151.0,https://usafacts.org/visualizations/coronavirus-covid-19-spread-map/state/west-virginia/
Kanawha County,0.0,0.0,59075.0,879.0,https://usafacts.org/visualizations/coronavirus-covid-19-spread-map/state/west-virginia/
Lewis County,0.0,0.0,6951.0,96.0,https://usafacts.org/visualizations/coronavirus-covid-19-spread-map/state/west-virginia/
Lincoln County,0.0,0.0,7267.0,96.0,https://usafacts.org/visualizations/coronavirus-covid-19-spread-map/state/west-virginia/
Logan County,0.0,0.0,12893.0,204.0,https://usafacts.org/visualizations/coronavirus-covid-19-spread-map/state/west-virginia/
Marion County,0.0,0.0,20272.0,208.0,https://usafacts.org/visualizations/coronavirus-covid-19-spread-map/state/west-virginia/
Marshall County,0.0,0.0,11200.0,171.0,https://usafacts.org/visualizations/coronavirus-covid-19-spread-map/state/west-virginia/
Mason County,0.0,0.0,8899.0,111.0,https://usafacts.org/visualizations/coronavirus-covid-19-spread-map/state/west-virginia/
McDowell County,0.0,0.0,7420.0,87.0,https://usafacts.org/visualizations/coronavirus-covid-19-spread-map/state/west-virginia/
Mercer County,0.0,0.0,23292.0,290.0,https://usafacts.org/visualizations/coronavirus-covid-19-spread-map/state/west-virginia/
Mineral County,0.0,0.0,10196.0,167.0,https://usafacts.org/visualizations/coronavirus-covid-19-spread-map/state/west-virginia/
Mingo County,0.0,0.0,9976.0,135.0,https://usafacts.org/visualizations/coronavirus-covid-19-spread-map/state/west-virginia/
Monongalia County,0.0,0.0,31285.0,218.0,https://usafacts.org/visualizations/coronavirus-covid-19-spread-map/state/west-virginia/
Monroe County,0.0,0.0,5865.0,50.0,https://usafacts.org/visualizations/coronavirus-covid-19-spread-map/state/west-virginia/
Morgan County,0.0,0.0,5212.0,78.0,https://usafacts.org/visualizations/coronavirus-covid-19-spread-map/state/west-virginia/
Nicholas County,0.0,0.0,9342.0,112.0,https://usafacts.org/visualizations/coronavirus-covid-19-spread-map/state/west-virginia/
Ohio County,0.0,0.0,13845.0,198.0,https://usafacts.org/visualizations/coronavirus-covid-19-spread-map/state/west-virginia/
Pendleton County,0.0,0.0,2350.0,24.0,https://usafacts.org/visualizations/coronavirus-covid-19-spread-map/state/west-virginia/
Pleasants County,0.0,0.0,2502.0,39.0,https://usafacts.org/visualizations/coronavirus-covid-19-spread-map/state/west-virginia/
Pocahontas County,0.0,0.0,2567.0,36.0,https://usafacts.org/visualizations/coronavirus-covid-19-spread-map/state/west-virginia/
Preston County,0.0,0.0,11052.0,145.0,https://usafacts.org/visualizations/coronavirus-covid-19-spread-map/state/west-virginia/
Putnam County,0.0,0.0,20824.0,221.0,https://usafacts.org/visualizations/coronavirus-covid-19-spread-map/state/west-virginia/
Raleigh County,0.0,0.0,30503.0,423.0,https://usafacts.org/visualizations/coronavirus-covid-19-spread-map/state/west-virginia/
Randolph County,0.0,0.0,12041.0,99.0,https://usafacts.org/visualizations/coronavirus-covid-19-spread-map/state/west-virginia/
Ritchie County,0.0,0.0,3040.0,34.0,https://usafacts.org/visualizations/coronavirus-covid-19-spread-map/state/west-virginia/
Roane County,0.0,0.0,4492.0,51.0,https://usafacts.org/visualizations/coronavirus-covid-19-spread-map/state/west-virginia/
Summers County,0.0,0.0,3840.0,66.0,https://usafacts.org/visualizations/coronavirus-covid-19-spread-map/state/west-virginia/
Taylor County,0.0,0.0,5928.0,84.0,https://usafacts.org/visualizations/coronavirus-covid-19-spread-map/state/west-virginia/
Tucker County,0.0,0.0,2440.0,39.0,https://usafacts.org/visualizations/coronavirus-covid-19-spread-map/state/west-virginia/
Tyler County,0.0,0.0,2718.0,33.0,https://usafacts.org/visualizations/coronavirus-covid-19-spread-map/state/west-virginia/
Upshur County,0.0,0.0,8963.0,105.0,https://usafacts.org/visualizations/coronavirus-covid-19-spread-map/state/west-virginia/
Wayne County,0.0,0.0,11678.0,148.0,https://usafacts.org/visualizations/coronavirus-covid-19-spread-map/state/west-virginia/
Webster County,0.0,0.0,2847.0,38.0,https://usafacts.org/visualizations/coronavirus-covid-19-spread-map/state/west-virginia/
Wetzel County,0.0,0.0,5440.0,97.0,https://usafacts.org/visualizations/coronavirus-covid-19-spread-map/state/west-virginia/
Wirt County,0.0,0.0,1739.0,28.0,https://usafacts.org/visualizations/coronavirus-covid-19-spread-map/state/west-virginia/
Wood County,0.0,0.0,27986.0,380.0,https://usafacts.org/visualizations/coronavirus-covid-19-spread-map/state/west-virginia/
Wyoming County,0.0,0.0,9660.0,135.0,https://usafacts.org/visualizations/coronavirus-covid-19-spread-map/state/west-virginia/
