County,7-Day Average Cases,7-Day Average Deaths,Total Cases,Total Deaths,State URL
Adams County,0.0,0.0,5940.0,70.0,https://usafacts.org/visualizations/coronavirus-covid-19-spread-map/state/wisconsin/
Ashland County,0.1,0.0,4235.0,43.0,https://usafacts.org/visualizations/coronavirus-covid-19-spread-map/state/wisconsin/
Barron County,0.3,0.0,16339.0,160.0,https://usafacts.org/visualizations/coronavirus-covid-19-spread-map/state/wisconsin/
Bayfield County,0.3,0.0,4443.0,49.0,https://usafacts.org/visualizations/coronavirus-covid-19-spread-map/state/wisconsin/
Brown County,3.0,0.0,104339.0,637.0,https://usafacts.org/visualizations/coronavirus-covid-19-spread-map/state/wisconsin/
Buffalo County,0.0,0.0,4241.0,16.0,https://usafacts.org/visualizations/coronavirus-covid-19-spread-map/state/wisconsin/
Burnett County,0.0,0.0,5204.0,45.0,https://usafacts.org/visualizations/coronavirus-covid-19-spread-map/state/wisconsin/
Calumet County,0.1,0.0,17045.0,138.0,https://usafacts.org/visualizations/coronavirus-covid-19-spread-map/state/wisconsin/
Chippewa County,0.7,0.0,22463.0,222.0,https://usafacts.org/visualizations/coronavirus-covid-19-spread-map/state/wisconsin/
Clark County,0.3,0.0,9326.0,137.0,https://usafacts.org/visualizations/coronavirus-covid-19-spread-map/state/wisconsin/
Columbia County,0.9,0.0,19875.0,151.0,https://usafacts.org/visualizations/coronavirus-covid-19-spread-map/state/wisconsin/
Crawford County,0.1,0.0,5433.0,34.0,https://usafacts.org/visualizations/coronavirus-covid-19-spread-map/state/wisconsin/
Dane County,5.0,0.0,183026.0,685.0,https://usafacts.org/visualizations/coronavirus-covid-19-spread-map/state/wisconsin/
Dodge County,0.6,0.0,33428.0,388.0,https://usafacts.org/visualizations/coronavirus-covid-19-spread-map/state/wisconsin/
Door County,0.7,0.0,8932.0,94.0,https://usafacts.org/visualizations/coronavirus-covid-19-spread-map/state/wisconsin/
Douglas County,0.4,0.0,14732.0,95.0,https://usafacts.org/visualizations/coronavirus-covid-19-spread-map/state/wisconsin/
Dunn County,0.1,0.0,15771.0,87.0,https://usafacts.org/visualizations/coronavirus-covid-19-spread-map/state/wisconsin/
Eau Claire County,1.0,0.0,37119.0,218.0,https://usafacts.org/visualizations/coronavirus-covid-19-spread-map/state/wisconsin/
Florence County,0.0,0.0,1369.0,17.0,https://usafacts.org/visualizations/coronavirus-covid-19-spread-map/state/wisconsin/
Fond du Lac County,0.3,0.0,39769.0,330.0,https://usafacts.org/visualizations/coronavirus-covid-19-spread-map/state/wisconsin/
Forest County,0.0,0.0,3428.0,56.0,https://usafacts.org/visualizations/coronavirus-covid-19-spread-map/state/wisconsin/
Grant County,0.6,0.0,15803.0,164.0,https://usafacts.org/visualizations/coronavirus-covid-19-spread-map/state/wisconsin/
Green County,0.0,0.0,11862.0,71.0,https://usafacts.org/visualizations/coronavirus-covid-19-spread-map/state/wisconsin/
Green Lake County,0.3,0.0,6506.0,72.0,https://usafacts.org/visualizations/coronavirus-covid-19-spread-map/state/wisconsin/
Iowa County,0.1,0.0,7018.0,36.0,https://usafacts.org/visualizations/coronavirus-covid-19-spread-map/state/wisconsin/
Iron County,0.0,0.0,1850.0,50.0,https://usafacts.org/visualizations/coronavirus-covid-19-spread-map/state/wisconsin/
Jackson County,0.0,0.0,7028.0,48.0,https://usafacts.org/visualizations/coronavirus-covid-19-spread-map/state/wisconsin/
Jefferson County,0.9,0.0,27272.0,278.0,https://usafacts.org/visualizations/coronavirus-covid-19-spread-map/state/wisconsin/
Juneau County,0.1,0.0,9592.0,80.0,https://usafacts.org/visualizations/coronavirus-covid-19-spread-map/state/wisconsin/
Kenosha County,1.0,0.0,57667.0,729.0,https://usafacts.org/visualizations/coronavirus-covid-19-spread-map/state/wisconsin/
Kewaunee County,0.3,0.0,6888.0,72.0,https://usafacts.org/visualizations/coronavirus-covid-19-spread-map/state/wisconsin/
La Crosse County,2.0,0.0,44197.0,230.0,https://usafacts.org/visualizations/coronavirus-covid-19-spread-map/state/wisconsin/
Lafayette County,0.0,0.0,4517.0,36.0,https://usafacts.org/visualizations/coronavirus-covid-19-spread-map/state/wisconsin/
Langlade County,0.3,0.0,6859.0,109.0,https://usafacts.org/visualizations/coronavirus-covid-19-spread-map/state/wisconsin/
Lincoln County,0.0,0.0,9236.0,160.0,https://usafacts.org/visualizations/coronavirus-covid-19-spread-map/state/wisconsin/
Manitowoc County,0.6,0.0,25596.0,223.0,https://usafacts.org/visualizations/coronavirus-covid-19-spread-map/state/wisconsin/
Marathon County,0.9,0.0,50365.0,558.0,https://usafacts.org/visualizations/coronavirus-covid-19-spread-map/state/wisconsin/
Marinette County,0.6,0.0,14830.0,154.0,https://usafacts.org/visualizations/coronavirus-covid-19-spread-map/state/wisconsin/
Marquette County,0.0,0.0,4702.0,71.0,https://usafacts.org/visualizations/coronavirus-covid-19-spread-map/state/wisconsin/
Menominee County,0.9,0.0,2446.0,16.0,https://usafacts.org/visualizations/coronavirus-covid-19-spread-map/state/wisconsin/
Milwaukee County,9.0,0.0,347383.0,2532.0,https://usafacts.org/visualizations/coronavirus-covid-19-spread-map/state/wisconsin/
Monroe County,0.9,0.0,15016.0,123.0,https://usafacts.org/visualizations/coronavirus-covid-19-spread-map/state/wisconsin/
Oconto County,0.1,0.0,13544.0,137.0,https://usafacts.org/visualizations/coronavirus-covid-19-spread-map/state/wisconsin/
Oneida County,0.3,0.0,11304.0,158.0,https://usafacts.org/visualizations/coronavirus-covid-19-spread-map/state/wisconsin/
Outagamie County,1.0,0.0,65304.0,461.0,https://usafacts.org/visualizations/coronavirus-covid-19-spread-map/state/wisconsin/
Ozaukee County,0.9,0.0,28294.0,216.0,https://usafacts.org/visualizations/coronavirus-covid-19-spread-map/state/wisconsin/
Pepin County,0.0,0.0,2324.0,19.0,https://usafacts.org/visualizations/coronavirus-covid-19-spread-map/state/wisconsin/
Pierce County,0.6,0.0,13714.0,80.0,https://usafacts.org/visualizations/coronavirus-covid-19-spread-map/state/wisconsin/
Polk County,0.1,0.0,15345.0,135.0,https://usafacts.org/visualizations/coronavirus-covid-19-spread-map/state/wisconsin/
Portage County,0.1,0.0,23268.0,184.0,https://usafacts.org/visualizations/coronavirus-covid-19-spread-map/state/wisconsin/
Price County,0.0,0.0,4163.0,44.0,https://usafacts.org/visualizations/coronavirus-covid-19-spread-map/state/wisconsin/
Racine County,1.0,0.0,72275.0,768.0,https://usafacts.org/visualizations/coronavirus-covid-19-spread-map/state/wisconsin/
Richland County,0.4,0.0,5127.0,61.0,https://usafacts.org/visualizations/coronavirus-covid-19-spread-map/state/wisconsin/
Rock County,0.9,0.0,56367.0,475.0,https://usafacts.org/visualizations/coronavirus-covid-19-spread-map/state/wisconsin/
Rusk County,0.3,0.0,4274.0,67.0,https://usafacts.org/visualizations/coronavirus-covid-19-spread-map/state/wisconsin/
Sauk County,0.3,0.0,21367.0,175.0,https://usafacts.org/visualizations/coronavirus-covid-19-spread-map/state/wisconsin/
Sawyer County,0.1,0.0,6110.0,71.0,https://usafacts.org/visualizations/coronavirus-covid-19-spread-map/state/wisconsin/
Shawano County,0.4,0.0,14464.0,166.0,https://usafacts.org/visualizations/coronavirus-covid-19-spread-map/state/wisconsin/
Sheboygan County,0.4,0.0,39924.0,377.0,https://usafacts.org/visualizations/coronavirus-covid-19-spread-map/state/wisconsin/
St. Croix County,1.0,0.0,31428.0,172.0,https://usafacts.org/visualizations/coronavirus-covid-19-spread-map/state/wisconsin/
Taylor County,0.3,0.0,5906.0,83.0,https://usafacts.org/visualizations/coronavirus-covid-19-spread-map/state/wisconsin/
Trempealeau County,0.1,0.0,10083.0,77.0,https://usafacts.org/visualizations/coronavirus-covid-19-spread-map/state/wisconsin/
Vernon County,0.3,0.0,7777.0,122.0,https://usafacts.org/visualizations/coronavirus-covid-19-spread-map/state/wisconsin/
Vilas County,0.3,0.0,6576.0,110.0,https://usafacts.org/visualizations/coronavirus-covid-19-spread-map/state/wisconsin/
Walworth County,0.6,0.0,33851.0,316.0,https://usafacts.org/visualizations/coronavirus-covid-19-spread-map/state/wisconsin/
Washburn County,0.1,0.0,5108.0,53.0,https://usafacts.org/visualizations/coronavirus-covid-19-spread-map/state/wisconsin/
Washington County,0.6,0.0,47439.0,376.0,https://usafacts.org/visualizations/coronavirus-covid-19-spread-map/state/wisconsin/
Waukesha County,3.0,0.0,141673.0,1277.0,https://usafacts.org/visualizations/coronavirus-covid-19-spread-map/state/wisconsin/
Waupaca County,2.0,0.0,16621.0,269.0,https://usafacts.org/visualizations/coronavirus-covid-19-spread-map/state/wisconsin/
Waushara County,0.6,0.0,7767.0,94.0,https://usafacts.org/visualizations/coronavirus-covid-19-spread-map/state/wisconsin/
Winnebago County,1.0,0.0,64763.0,424.0,https://usafacts.org/visualizations/coronavirus-covid-19-spread-map/state/wisconsin/
Wood County,1.0,0.0,27622.0,272.0,https://usafacts.org/visualizations/coronavirus-covid-19-spread-map/state/wisconsin/
